"file","time","datetime"
"light-oauth2-data-1719592986.tar","1719592986","2024-06-28 16:43:06+00:00"
"light-oauth2-data-1719594842.tar","1719594842","2024-06-28 17:14:02+00:00"
"light-oauth2-data-1719598443.tar","1719598443","2024-06-28 18:14:03+00:00"
"light-oauth2-data-1719602043.tar","1719602043","2024-06-28 19:14:03+00:00"
"light-oauth2-data-1719605644.tar","1719605644","2024-06-28 20:14:04+00:00"
"light-oauth2-data-1719609252.tar","1719609252","2024-06-28 21:14:12+00:00"
"light-oauth2-data-1719612853.tar","1719612853","2024-06-28 22:14:13+00:00"
"light-oauth2-data-1719616455.tar","1719616455","2024-06-28 23:14:15+00:00"
"light-oauth2-data-1719620054.tar","1719620054","2024-06-29 00:14:14+00:00"
"light-oauth2-data-1719623651.tar","1719623651","2024-06-29 01:14:11+00:00"
"light-oauth2-data-1719627249.tar","1719627249","2024-06-29 02:14:09+00:00"
"light-oauth2-data-1719630850.tar","1719630850","2024-06-29 03:14:10+00:00"
"light-oauth2-data-1719634445.tar","1719634445","2024-06-29 04:14:05+00:00"
"light-oauth2-data-1719638049.tar","1719638049","2024-06-29 05:14:09+00:00"
"light-oauth2-data-1719641644.tar","1719641644","2024-06-29 06:14:04+00:00"
"light-oauth2-data-1719645240.tar","1719645240","2024-06-29 07:14:00+00:00"
"light-oauth2-data-1719648844.tar","1719648844","2024-06-29 08:14:04+00:00"
"light-oauth2-data-1719652445.tar","1719652445","2024-06-29 09:14:05+00:00"
"light-oauth2-data-1719656045.tar","1719656045","2024-06-29 10:14:05+00:00"
"light-oauth2-data-1719659641.tar","1719659641","2024-06-29 11:14:01+00:00"
"light-oauth2-data-1719663242.tar","1719663242","2024-06-29 12:14:02+00:00"
"light-oauth2-data-1719666847.tar","1719666847","2024-06-29 13:14:07+00:00"
"light-oauth2-data-1719670442.tar","1719670442","2024-06-29 14:14:02+00:00"
"light-oauth2-data-1719674040.tar","1719674040","2024-06-29 15:14:00+00:00"
"light-oauth2-data-1719677642.tar","1719677642","2024-06-29 16:14:02+00:00"
"light-oauth2-data-1719681245.tar","1719681245","2024-06-29 17:14:05+00:00"
"light-oauth2-data-1719684842.tar","1719684842","2024-06-29 18:14:02+00:00"
"light-oauth2-data-1719688444.tar","1719688444","2024-06-29 19:14:04+00:00"
"light-oauth2-data-1719692043.tar","1719692043","2024-06-29 20:14:03+00:00"
"light-oauth2-data-1719695646.tar","1719695646","2024-06-29 21:14:06+00:00"
"light-oauth2-data-1719699247.tar","1719699247","2024-06-29 22:14:07+00:00"
"light-oauth2-data-1719702853.tar","1719702853","2024-06-29 23:14:13+00:00"
"light-oauth2-data-1719706446.tar","1719706446","2024-06-30 00:14:06+00:00"
"light-oauth2-data-1719710046.tar","1719710046","2024-06-30 01:14:06+00:00"
"light-oauth2-data-1719713643.tar","1719713643","2024-06-30 02:14:03+00:00"
"light-oauth2-data-1719717245.tar","1719717245","2024-06-30 03:14:05+00:00"
"light-oauth2-data-1719720841.tar","1719720841","2024-06-30 04:14:01+00:00"
"light-oauth2-data-1719724442.tar","1719724442","2024-06-30 05:14:02+00:00"
"light-oauth2-data-1719728041.tar","1719728041","2024-06-30 06:14:01+00:00"
"light-oauth2-data-1719731644.tar","1719731644","2024-06-30 07:14:04+00:00"
"light-oauth2-data-1719735242.tar","1719735242","2024-06-30 08:14:02+00:00"
"light-oauth2-data-1719738840.tar","1719738840","2024-06-30 09:14:00+00:00"
"light-oauth2-data-1719742444.tar","1719742444","2024-06-30 10:14:04+00:00"
"light-oauth2-data-1719746045.tar","1719746045","2024-06-30 11:14:05+00:00"
"light-oauth2-data-1719749643.tar","1719749643","2024-06-30 12:14:03+00:00"
"light-oauth2-data-1719753243.tar","1719753243","2024-06-30 13:14:03+00:00"
"light-oauth2-data-1719756844.tar","1719756844","2024-06-30 14:14:04+00:00"
"light-oauth2-data-1719760443.tar","1719760443","2024-06-30 15:14:03+00:00"
"light-oauth2-data-1719764044.tar","1719764044","2024-06-30 16:14:04+00:00"
"light-oauth2-data-1719767643.tar","1719767643","2024-06-30 17:14:03+00:00"
"light-oauth2-data-1719771248.tar","1719771248","2024-06-30 18:14:08+00:00"
"light-oauth2-data-1719774843.tar","1719774843","2024-06-30 19:14:03+00:00"
"light-oauth2-data-1719778443.tar","1719778443","2024-06-30 20:14:03+00:00"
"light-oauth2-data-1719782050.tar","1719782050","2024-06-30 21:14:10+00:00"
"light-oauth2-data-1719785649.tar","1719785649","2024-06-30 22:14:09+00:00"
"light-oauth2-data-1719789250.tar","1719789250","2024-06-30 23:14:10+00:00"
"light-oauth2-data-1719792847.tar","1719792847","2024-07-01 00:14:07+00:00"
"light-oauth2-data-1719796447.tar","1719796447","2024-07-01 01:14:07+00:00"
"light-oauth2-data-1719800041.tar","1719800041","2024-07-01 02:14:01+00:00"
"light-oauth2-data-1719803643.tar","1719803643","2024-07-01 03:14:03+00:00"
"light-oauth2-data-1719807243.tar","1719807243","2024-07-01 04:14:03+00:00"
"light-oauth2-data-1719810843.tar","1719810843","2024-07-01 05:14:03+00:00"
"light-oauth2-data-1719814445.tar","1719814445","2024-07-01 06:14:05+00:00"
"light-oauth2-data-1719818047.tar","1719818047","2024-07-01 07:14:07+00:00"
"light-oauth2-data-1719821644.tar","1719821644","2024-07-01 08:14:04+00:00"
"light-oauth2-data-1719825245.tar","1719825245","2024-07-01 09:14:05+00:00"
"light-oauth2-data-1719828844.tar","1719828844","2024-07-01 10:14:04+00:00"
"light-oauth2-data-1719832445.tar","1719832445","2024-07-01 11:14:05+00:00"
"light-oauth2-data-1719836047.tar","1719836047","2024-07-01 12:14:07+00:00"
"light-oauth2-data-1719839646.tar","1719839646","2024-07-01 13:14:06+00:00"
"light-oauth2-data-1719843244.tar","1719843244","2024-07-01 14:14:04+00:00"
"light-oauth2-data-1719846844.tar","1719846844","2024-07-01 15:14:04+00:00"
"light-oauth2-data-1719850446.tar","1719850446","2024-07-01 16:14:06+00:00"
"light-oauth2-data-1719854043.tar","1719854043","2024-07-01 17:14:03+00:00"
"light-oauth2-data-1719857643.tar","1719857643","2024-07-01 18:14:03+00:00"
"light-oauth2-data-1719861244.tar","1719861244","2024-07-01 19:14:04+00:00"
"light-oauth2-data-1719864843.tar","1719864843","2024-07-01 20:14:03+00:00"
"light-oauth2-data-1719868449.tar","1719868449","2024-07-01 21:14:09+00:00"
"light-oauth2-data-1719872049.tar","1719872049","2024-07-01 22:14:09+00:00"
"light-oauth2-data-1719875649.tar","1719875649","2024-07-01 23:14:09+00:00"
"light-oauth2-data-1719879248.tar","1719879248","2024-07-02 00:14:08+00:00"
"light-oauth2-data-1719882853.tar","1719882853","2024-07-02 01:14:13+00:00"
"light-oauth2-data-1719886443.tar","1719886443","2024-07-02 02:14:03+00:00"
"light-oauth2-data-1719890043.tar","1719890043","2024-07-02 03:14:03+00:00"
"light-oauth2-data-1719893644.tar","1719893644","2024-07-02 04:14:04+00:00"
"light-oauth2-data-1719897248.tar","1719897248","2024-07-02 05:14:08+00:00"
"light-oauth2-data-1719900846.tar","1719900846","2024-07-02 06:14:06+00:00"
"light-oauth2-data-1719904443.tar","1719904443","2024-07-02 07:14:03+00:00"
"light-oauth2-data-1719908048.tar","1719908048","2024-07-02 08:14:08+00:00"
"light-oauth2-data-1719911645.tar","1719911645","2024-07-02 09:14:05+00:00"
"light-oauth2-data-1719915245.tar","1719915245","2024-07-02 10:14:05+00:00"
"light-oauth2-data-1719918846.tar","1719918846","2024-07-02 11:14:06+00:00"
"light-oauth2-data-1719922445.tar","1719922445","2024-07-02 12:14:05+00:00"
"light-oauth2-data-1719926044.tar","1719926044","2024-07-02 13:14:04+00:00"
"light-oauth2-data-1719929641.tar","1719929641","2024-07-02 14:14:01+00:00"
"light-oauth2-data-1719933244.tar","1719933244","2024-07-02 15:14:04+00:00"
"light-oauth2-data-1719936845.tar","1719936845","2024-07-02 16:14:05+00:00"
"light-oauth2-data-1719940445.tar","1719940445","2024-07-02 17:14:05+00:00"
"light-oauth2-data-1719944049.tar","1719944049","2024-07-02 18:14:09+00:00"
"light-oauth2-data-1719947646.tar","1719947646","2024-07-02 19:14:06+00:00"
"light-oauth2-data-1719951243.tar","1719951243","2024-07-02 20:14:03+00:00"
"light-oauth2-data-1719954849.tar","1719954849","2024-07-02 21:14:09+00:00"
"light-oauth2-data-1719958450.tar","1719958450","2024-07-02 22:14:10+00:00"
"light-oauth2-data-1719962050.tar","1719962050","2024-07-02 23:14:10+00:00"
"light-oauth2-data-1719965648.tar","1719965648","2024-07-03 00:14:08+00:00"
"light-oauth2-data-1719969251.tar","1719969251","2024-07-03 01:14:11+00:00"
"light-oauth2-data-1719972846.tar","1719972846","2024-07-03 02:14:06+00:00"
"light-oauth2-data-1719976443.tar","1719976443","2024-07-03 03:14:03+00:00"
"light-oauth2-data-1719980045.tar","1719980045","2024-07-03 04:14:05+00:00"
"light-oauth2-data-1719983645.tar","1719983645","2024-07-03 05:14:05+00:00"
"light-oauth2-data-1719987249.tar","1719987249","2024-07-03 06:14:09+00:00"
"light-oauth2-data-1719990847.tar","1719990847","2024-07-03 07:14:07+00:00"
"light-oauth2-data-1719994445.tar","1719994445","2024-07-03 08:14:05+00:00"
"light-oauth2-data-1719998045.tar","1719998045","2024-07-03 09:14:05+00:00"
"light-oauth2-data-1720001645.tar","1720001645","2024-07-03 10:14:05+00:00"
"light-oauth2-data-1720005244.tar","1720005244","2024-07-03 11:14:04+00:00"
"light-oauth2-data-1720008846.tar","1720008846","2024-07-03 12:14:06+00:00"
"light-oauth2-data-1720012450.tar","1720012450","2024-07-03 13:14:10+00:00"
"light-oauth2-data-1720016041.tar","1720016041","2024-07-03 14:14:01+00:00"
"light-oauth2-data-1720019645.tar","1720019645","2024-07-03 15:14:05+00:00"
"light-oauth2-data-1720023245.tar","1720023245","2024-07-03 16:14:05+00:00"
"light-oauth2-data-1720026845.tar","1720026845","2024-07-03 17:14:05+00:00"
"light-oauth2-data-1720030447.tar","1720030447","2024-07-03 18:14:07+00:00"
"light-oauth2-data-1720034045.tar","1720034045","2024-07-03 19:14:05+00:00"
"light-oauth2-data-1720037647.tar","1720037647","2024-07-03 20:14:07+00:00"
"light-oauth2-data-1720041249.tar","1720041249","2024-07-03 21:14:09+00:00"
"light-oauth2-data-1720044850.tar","1720044850","2024-07-03 22:14:10+00:00"
"light-oauth2-data-1720048451.tar","1720048451","2024-07-03 23:14:11+00:00"
"light-oauth2-data-1720052048.tar","1720052048","2024-07-04 00:14:08+00:00"
"light-oauth2-data-1720055650.tar","1720055650","2024-07-04 01:14:10+00:00"
"light-oauth2-data-1720059243.tar","1720059243","2024-07-04 02:14:03+00:00"
"light-oauth2-data-1720062845.tar","1720062845","2024-07-04 03:14:05+00:00"
"light-oauth2-data-1720066444.tar","1720066444","2024-07-04 04:14:04+00:00"
"light-oauth2-data-1720070044.tar","1720070044","2024-07-04 05:14:04+00:00"
"light-oauth2-data-1720073652.tar","1720073652","2024-07-04 06:14:12+00:00"
"light-oauth2-data-1720077249.tar","1720077249","2024-07-04 07:14:09+00:00"
"light-oauth2-data-1720080843.tar","1720080843","2024-07-04 08:14:03+00:00"
"light-oauth2-data-1720084449.tar","1720084449","2024-07-04 09:14:09+00:00"
"light-oauth2-data-1720088047.tar","1720088047","2024-07-04 10:14:07+00:00"
"light-oauth2-data-1720091646.tar","1720091646","2024-07-04 11:14:06+00:00"
"light-oauth2-data-1720095244.tar","1720095244","2024-07-04 12:14:04+00:00"
"light-oauth2-data-1720098845.tar","1720098845","2024-07-04 13:14:05+00:00"
"light-oauth2-data-1720102445.tar","1720102445","2024-07-04 14:14:05+00:00"
"light-oauth2-data-1720106043.tar","1720106043","2024-07-04 15:14:03+00:00"
"light-oauth2-data-1720109648.tar","1720109648","2024-07-04 16:14:08+00:00"
"light-oauth2-data-1720113245.tar","1720113245","2024-07-04 17:14:05+00:00"
"light-oauth2-data-1720116844.tar","1720116844","2024-07-04 18:14:04+00:00"
"light-oauth2-data-1720120447.tar","1720120447","2024-07-04 19:14:07+00:00"
"light-oauth2-data-1720124043.tar","1720124043","2024-07-04 20:14:03+00:00"
"light-oauth2-data-1720127648.tar","1720127648","2024-07-04 21:14:08+00:00"
"light-oauth2-data-1720131248.tar","1720131248","2024-07-04 22:14:08+00:00"
"light-oauth2-data-1720134848.tar","1720134848","2024-07-04 23:14:08+00:00"
"light-oauth2-data-1720138444.tar","1720138444","2024-07-05 00:14:04+00:00"
"light-oauth2-data-1720142050.tar","1720142050","2024-07-05 01:14:10+00:00"
"light-oauth2-data-1720145647.tar","1720145647","2024-07-05 02:14:07+00:00"
"light-oauth2-data-1720149242.tar","1720149242","2024-07-05 03:14:02+00:00"
"light-oauth2-data-1720152848.tar","1720152848","2024-07-05 04:14:08+00:00"
"light-oauth2-data-1720156450.tar","1720156450","2024-07-05 05:14:10+00:00"
"light-oauth2-data-1720160044.tar","1720160044","2024-07-05 06:14:04+00:00"
"light-oauth2-data-1720163645.tar","1720163645","2024-07-05 07:14:05+00:00"
"light-oauth2-data-1720167247.tar","1720167247","2024-07-05 08:14:07+00:00"
"light-oauth2-data-1720170845.tar","1720170845","2024-07-05 09:14:05+00:00"
"light-oauth2-data-1720174445.tar","1720174445","2024-07-05 10:14:05+00:00"
"light-oauth2-data-1720178048.tar","1720178048","2024-07-05 11:14:08+00:00"
"light-oauth2-data-1720181644.tar","1720181644","2024-07-05 12:14:04+00:00"
"light-oauth2-data-1720185247.tar","1720185247","2024-07-05 13:14:07+00:00"
"light-oauth2-data-1720188845.tar","1720188845","2024-07-05 14:14:05+00:00"
"light-oauth2-data-1720192447.tar","1720192447","2024-07-05 15:14:07+00:00"
"light-oauth2-data-1720196047.tar","1720196047","2024-07-05 16:14:07+00:00"
"light-oauth2-data-1720199646.tar","1720199646","2024-07-05 17:14:06+00:00"
"light-oauth2-data-1720203236.tar","1720203236","2024-07-05 18:13:56+00:00"
"light-oauth2-data-1720206843.tar","1720206843","2024-07-05 19:14:03+00:00"
"light-oauth2-data-1720210444.tar","1720210444","2024-07-05 20:14:04+00:00"
"light-oauth2-data-1720214052.tar","1720214052","2024-07-05 21:14:12+00:00"
"light-oauth2-data-1720217652.tar","1720217652","2024-07-05 22:14:12+00:00"
"light-oauth2-data-1720221244.tar","1720221244","2024-07-05 23:14:04+00:00"
"light-oauth2-data-1720224852.tar","1720224852","2024-07-06 00:14:12+00:00"
"light-oauth2-data-1720228454.tar","1720228454","2024-07-06 01:14:14+00:00"
"light-oauth2-data-1720232048.tar","1720232048","2024-07-06 02:14:08+00:00"
"light-oauth2-data-1720235646.tar","1720235646","2024-07-06 03:14:06+00:00"
"light-oauth2-data-1720239250.tar","1720239250","2024-07-06 04:14:10+00:00"
"light-oauth2-data-1720242847.tar","1720242847","2024-07-06 05:14:07+00:00"
"light-oauth2-data-1720246448.tar","1720246448","2024-07-06 06:14:08+00:00"
"light-oauth2-data-1720250050.tar","1720250050","2024-07-06 07:14:10+00:00"
"light-oauth2-data-1720253649.tar","1720253649","2024-07-06 08:14:09+00:00"
"light-oauth2-data-1720257246.tar","1720257246","2024-07-06 09:14:06+00:00"
"light-oauth2-data-1720260846.tar","1720260846","2024-07-06 10:14:06+00:00"
"light-oauth2-data-1720264444.tar","1720264444","2024-07-06 11:14:04+00:00"
"light-oauth2-data-1720268044.tar","1720268044","2024-07-06 12:14:04+00:00"
"light-oauth2-data-1720271645.tar","1720271645","2024-07-06 13:14:05+00:00"
"light-oauth2-data-1720275247.tar","1720275247","2024-07-06 14:14:07+00:00"
"light-oauth2-data-1720278846.tar","1720278846","2024-07-06 15:14:06+00:00"
"light-oauth2-data-1720282446.tar","1720282446","2024-07-06 16:14:06+00:00"
"light-oauth2-data-1720286046.tar","1720286046","2024-07-06 17:14:06+00:00"
"light-oauth2-data-1720289643.tar","1720289643","2024-07-06 18:14:03+00:00"
"light-oauth2-data-1720293245.tar","1720293245","2024-07-06 19:14:05+00:00"
"light-oauth2-data-1720296845.tar","1720296845","2024-07-06 20:14:05+00:00"
"light-oauth2-data-1720300451.tar","1720300451","2024-07-06 21:14:11+00:00"
"light-oauth2-data-1720304049.tar","1720304049","2024-07-06 22:14:09+00:00"
"light-oauth2-data-1720307658.tar","1720307658","2024-07-06 23:14:18+00:00"
"light-oauth2-data-1720311251.tar","1720311251","2024-07-07 00:14:11+00:00"
"light-oauth2-data-1720314851.tar","1720314851","2024-07-07 01:14:11+00:00"
"light-oauth2-data-1720318446.tar","1720318446","2024-07-07 02:14:06+00:00"
"light-oauth2-data-1720322044.tar","1720322044","2024-07-07 03:14:04+00:00"
"light-oauth2-data-1720325646.tar","1720325646","2024-07-07 04:14:06+00:00"
"light-oauth2-data-1720329244.tar","1720329244","2024-07-07 05:14:04+00:00"
"light-oauth2-data-1720332841.tar","1720332841","2024-07-07 06:14:01+00:00"
"light-oauth2-data-1720336447.tar","1720336447","2024-07-07 07:14:07+00:00"
"light-oauth2-data-1720340042.tar","1720340042","2024-07-07 08:14:02+00:00"
"light-oauth2-data-1720343645.tar","1720343645","2024-07-07 09:14:05+00:00"
"light-oauth2-data-1720347244.tar","1720347244","2024-07-07 10:14:04+00:00"
"light-oauth2-data-1720350846.tar","1720350846","2024-07-07 11:14:06+00:00"
"light-oauth2-data-1720354444.tar","1720354444","2024-07-07 12:14:04+00:00"
"light-oauth2-data-1720358050.tar","1720358050","2024-07-07 13:14:10+00:00"
"light-oauth2-data-1720361644.tar","1720361644","2024-07-07 14:14:04+00:00"
"light-oauth2-data-1720365244.tar","1720365244","2024-07-07 15:14:04+00:00"
"light-oauth2-data-1720368844.tar","1720368844","2024-07-07 16:14:04+00:00"
"light-oauth2-data-1720372448.tar","1720372448","2024-07-07 17:14:08+00:00"
"light-oauth2-data-1720376047.tar","1720376047","2024-07-07 18:14:07+00:00"
"light-oauth2-data-1720379645.tar","1720379645","2024-07-07 19:14:05+00:00"
"light-oauth2-data-1720383242.tar","1720383242","2024-07-07 20:14:02+00:00"
"light-oauth2-data-1720386850.tar","1720386850","2024-07-07 21:14:10+00:00"
"light-oauth2-data-1720390450.tar","1720390450","2024-07-07 22:14:10+00:00"
"light-oauth2-data-1720394053.tar","1720394053","2024-07-07 23:14:13+00:00"
"light-oauth2-data-1720397649.tar","1720397649","2024-07-08 00:14:09+00:00"
"light-oauth2-data-1720401250.tar","1720401250","2024-07-08 01:14:10+00:00"
"light-oauth2-data-1720404847.tar","1720404847","2024-07-08 02:14:07+00:00"
"light-oauth2-data-1720408447.tar","1720408447","2024-07-08 03:14:07+00:00"
"light-oauth2-data-1720412046.tar","1720412046","2024-07-08 04:14:06+00:00"
"light-oauth2-data-1720415646.tar","1720415646","2024-07-08 05:14:06+00:00"
"light-oauth2-data-1720419248.tar","1720419248","2024-07-08 06:14:08+00:00"
"light-oauth2-data-1720422844.tar","1720422844","2024-07-08 07:14:04+00:00"
"light-oauth2-data-1720426446.tar","1720426446","2024-07-08 08:14:06+00:00"
"light-oauth2-data-1720430044.tar","1720430044","2024-07-08 09:14:04+00:00"
"light-oauth2-data-1720433650.tar","1720433650","2024-07-08 10:14:10+00:00"
"light-oauth2-data-1720437246.tar","1720437246","2024-07-08 11:14:06+00:00"
"light-oauth2-data-1720440845.tar","1720440845","2024-07-08 12:14:05+00:00"
"light-oauth2-data-1720444444.tar","1720444444","2024-07-08 13:14:04+00:00"
"light-oauth2-data-1720448045.tar","1720448045","2024-07-08 14:14:05+00:00"
"light-oauth2-data-1720451645.tar","1720451645","2024-07-08 15:14:05+00:00"
"light-oauth2-data-1720455247.tar","1720455247","2024-07-08 16:14:07+00:00"
"light-oauth2-data-1720458847.tar","1720458847","2024-07-08 17:14:07+00:00"
"light-oauth2-data-1720462450.tar","1720462450","2024-07-08 18:14:10+00:00"
"light-oauth2-data-1720466044.tar","1720466044","2024-07-08 19:14:04+00:00"
"light-oauth2-data-1720469646.tar","1720469646","2024-07-08 20:14:06+00:00"
"light-oauth2-data-1720473247.tar","1720473247","2024-07-08 21:14:07+00:00"
"light-oauth2-data-1720476853.tar","1720476853","2024-07-08 22:14:13+00:00"
"light-oauth2-data-1720480451.tar","1720480451","2024-07-08 23:14:11+00:00"
"light-oauth2-data-1720484049.tar","1720484049","2024-07-09 00:14:09+00:00"
"light-oauth2-data-1720487650.tar","1720487650","2024-07-09 01:14:10+00:00"
"light-oauth2-data-1720491248.tar","1720491248","2024-07-09 02:14:08+00:00"
"light-oauth2-data-1720494845.tar","1720494845","2024-07-09 03:14:05+00:00"
"light-oauth2-data-1720498446.tar","1720498446","2024-07-09 04:14:06+00:00"
"light-oauth2-data-1720502043.tar","1720502043","2024-07-09 05:14:03+00:00"
"light-oauth2-data-1720505645.tar","1720505645","2024-07-09 06:14:05+00:00"
"light-oauth2-data-1720509245.tar","1720509245","2024-07-09 07:14:05+00:00"
"light-oauth2-data-1720512844.tar","1720512844","2024-07-09 08:14:04+00:00"
"light-oauth2-data-1720516446.tar","1720516446","2024-07-09 09:14:06+00:00"
"light-oauth2-data-1720520044.tar","1720520044","2024-07-09 10:14:04+00:00"
"light-oauth2-data-1720523644.tar","1720523644","2024-07-09 11:14:04+00:00"
"light-oauth2-data-1720527243.tar","1720527243","2024-07-09 12:14:03+00:00"
"light-oauth2-data-1720530845.tar","1720530845","2024-07-09 13:14:05+00:00"
"light-oauth2-data-1720534446.tar","1720534446","2024-07-09 14:14:06+00:00"
"light-oauth2-data-1720538044.tar","1720538044","2024-07-09 15:14:04+00:00"
"light-oauth2-data-1720541646.tar","1720541646","2024-07-09 16:14:06+00:00"
"light-oauth2-data-1720545248.tar","1720545248","2024-07-09 17:14:08+00:00"
"light-oauth2-data-1720548846.tar","1720548846","2024-07-09 18:14:06+00:00"
"light-oauth2-data-1720552445.tar","1720552445","2024-07-09 19:14:05+00:00"
"light-oauth2-data-1720556044.tar","1720556044","2024-07-09 20:14:04+00:00"
"light-oauth2-data-1720559650.tar","1720559650","2024-07-09 21:14:10+00:00"
"light-oauth2-data-1720563251.tar","1720563251","2024-07-09 22:14:11+00:00"
"light-oauth2-data-1720566850.tar","1720566850","2024-07-09 23:14:10+00:00"
"light-oauth2-data-1720570451.tar","1720570451","2024-07-10 00:14:11+00:00"
"light-oauth2-data-1720574049.tar","1720574049","2024-07-10 01:14:09+00:00"
"light-oauth2-data-1720577645.tar","1720577645","2024-07-10 02:14:05+00:00"
"light-oauth2-data-1720581245.tar","1720581245","2024-07-10 03:14:05+00:00"
"light-oauth2-data-1720584848.tar","1720584848","2024-07-10 04:14:08+00:00"
"light-oauth2-data-1720588447.tar","1720588447","2024-07-10 05:14:07+00:00"
"light-oauth2-data-1720592048.tar","1720592048","2024-07-10 06:14:08+00:00"
"light-oauth2-data-1720595651.tar","1720595651","2024-07-10 07:14:11+00:00"
"light-oauth2-data-1720599246.tar","1720599246","2024-07-10 08:14:06+00:00"
"light-oauth2-data-1720602847.tar","1720602847","2024-07-10 09:14:07+00:00"
"light-oauth2-data-1720606443.tar","1720606443","2024-07-10 10:14:03+00:00"
"light-oauth2-data-1720610046.tar","1720610046","2024-07-10 11:14:06+00:00"
"light-oauth2-data-1720613645.tar","1720613645","2024-07-10 12:14:05+00:00"
"light-oauth2-data-1720617256.tar","1720617256","2024-07-10 13:14:16+00:00"
"light-oauth2-data-1720620860.tar","1720620860","2024-07-10 14:14:20+00:00"
"light-oauth2-data-1720624450.tar","1720624450","2024-07-10 15:14:10+00:00"
"light-oauth2-data-1720628053.tar","1720628053","2024-07-10 16:14:13+00:00"
"light-oauth2-data-1720631656.tar","1720631656","2024-07-10 17:14:16+00:00"
"light-oauth2-data-1720635251.tar","1720635251","2024-07-10 18:14:11+00:00"
"light-oauth2-data-1720638852.tar","1720638852","2024-07-10 19:14:12+00:00"
"light-oauth2-data-1720642447.tar","1720642447","2024-07-10 20:14:07+00:00"
"light-oauth2-data-1720646052.tar","1720646052","2024-07-10 21:14:12+00:00"
"light-oauth2-data-1720649651.tar","1720649651","2024-07-10 22:14:11+00:00"
"light-oauth2-data-1720653248.tar","1720653248","2024-07-10 23:14:08+00:00"
"light-oauth2-data-1720656848.tar","1720656848","2024-07-11 00:14:08+00:00"
"light-oauth2-data-1720660444.tar","1720660444","2024-07-11 01:14:04+00:00"
"light-oauth2-data-1720664036.tar","1720664036","2024-07-11 02:13:56+00:00"
"light-oauth2-data-1720667644.tar","1720667644","2024-07-11 03:14:04+00:00"
"light-oauth2-data-1720671244.tar","1720671244","2024-07-11 04:14:04+00:00"
"light-oauth2-data-1720674845.tar","1720674845","2024-07-11 05:14:05+00:00"
"light-oauth2-data-1720678446.tar","1720678446","2024-07-11 06:14:06+00:00"
"light-oauth2-data-1720682045.tar","1720682045","2024-07-11 07:14:05+00:00"
"light-oauth2-data-1720685647.tar","1720685647","2024-07-11 08:14:07+00:00"
"light-oauth2-data-1720689242.tar","1720689242","2024-07-11 09:14:02+00:00"
"light-oauth2-data-1720692843.tar","1720692843","2024-07-11 10:14:03+00:00"
"light-oauth2-data-1720696443.tar","1720696443","2024-07-11 11:14:03+00:00"
"light-oauth2-data-1720700042.tar","1720700042","2024-07-11 12:14:02+00:00"
"light-oauth2-data-1720703635.tar","1720703635","2024-07-11 13:13:55+00:00"
"light-oauth2-data-1720707244.tar","1720707244","2024-07-11 14:14:04+00:00"
"light-oauth2-data-1720710841.tar","1720710841","2024-07-11 15:14:01+00:00"
"light-oauth2-data-1720714442.tar","1720714442","2024-07-11 16:14:02+00:00"
"light-oauth2-data-1720718045.tar","1720718045","2024-07-11 17:14:05+00:00"
"light-oauth2-data-1720721644.tar","1720721644","2024-07-11 18:14:04+00:00"
"light-oauth2-data-1720725243.tar","1720725243","2024-07-11 19:14:03+00:00"
"light-oauth2-data-1720728844.tar","1720728844","2024-07-11 20:14:04+00:00"
"light-oauth2-data-1720732449.tar","1720732449","2024-07-11 21:14:09+00:00"
"light-oauth2-data-1720736052.tar","1720736052","2024-07-11 22:14:12+00:00"
"light-oauth2-data-1720739650.tar","1720739650","2024-07-11 23:14:10+00:00"
"light-oauth2-data-1720743246.tar","1720743246","2024-07-12 00:14:06+00:00"
"light-oauth2-data-1720746845.tar","1720746845","2024-07-12 01:14:05+00:00"
"light-oauth2-data-1720750444.tar","1720750444","2024-07-12 02:14:04+00:00"
"light-oauth2-data-1720754043.tar","1720754043","2024-07-12 03:14:03+00:00"
"light-oauth2-data-1720757645.tar","1720757645","2024-07-12 04:14:05+00:00"
"light-oauth2-data-1720761244.tar","1720761244","2024-07-12 05:14:04+00:00"
"light-oauth2-data-1720764845.tar","1720764845","2024-07-12 06:14:05+00:00"
"light-oauth2-data-1720768445.tar","1720768445","2024-07-12 07:14:05+00:00"
"light-oauth2-data-1720772044.tar","1720772044","2024-07-12 08:14:04+00:00"
"light-oauth2-data-1720775646.tar","1720775646","2024-07-12 09:14:06+00:00"
"light-oauth2-data-1720779243.tar","1720779243","2024-07-12 10:14:03+00:00"
"light-oauth2-data-1720782848.tar","1720782848","2024-07-12 11:14:08+00:00"
"light-oauth2-data-1720786441.tar","1720786441","2024-07-12 12:14:01+00:00"
"light-oauth2-data-1720790045.tar","1720790045","2024-07-12 13:14:05+00:00"
"light-oauth2-data-1720793643.tar","1720793643","2024-07-12 14:14:03+00:00"
"light-oauth2-data-1720797244.tar","1720797244","2024-07-12 15:14:04+00:00"
"light-oauth2-data-1720800837.tar","1720800837","2024-07-12 16:13:57+00:00"
"light-oauth2-data-1720804449.tar","1720804449","2024-07-12 17:14:09+00:00"
"light-oauth2-data-1720808046.tar","1720808046","2024-07-12 18:14:06+00:00"
"light-oauth2-data-1720811643.tar","1720811643","2024-07-12 19:14:03+00:00"
"light-oauth2-data-1720815246.tar","1720815246","2024-07-12 20:14:06+00:00"
"light-oauth2-data-1720818850.tar","1720818850","2024-07-12 21:14:10+00:00"
"light-oauth2-data-1720822451.tar","1720822451","2024-07-12 22:14:11+00:00"
"light-oauth2-data-1720826046.tar","1720826046","2024-07-12 23:14:06+00:00"
"light-oauth2-data-1720829652.tar","1720829652","2024-07-13 00:14:12+00:00"
"light-oauth2-data-1720833253.tar","1720833253","2024-07-13 01:14:13+00:00"
"light-oauth2-data-1720836846.tar","1720836846","2024-07-13 02:14:06+00:00"
"light-oauth2-data-1720840446.tar","1720840446","2024-07-13 03:14:06+00:00"
"light-oauth2-data-1720844049.tar","1720844049","2024-07-13 04:14:09+00:00"
"light-oauth2-data-1720847644.tar","1720847644","2024-07-13 05:14:04+00:00"
"light-oauth2-data-1720851247.tar","1720851247","2024-07-13 06:14:07+00:00"
"light-oauth2-data-1720854848.tar","1720854848","2024-07-13 07:14:08+00:00"
"light-oauth2-data-1720858442.tar","1720858442","2024-07-13 08:14:02+00:00"
"light-oauth2-data-1720862047.tar","1720862047","2024-07-13 09:14:07+00:00"
"light-oauth2-data-1720865636.tar","1720865636","2024-07-13 10:13:56+00:00"
"light-oauth2-data-1720869241.tar","1720869241","2024-07-13 11:14:01+00:00"
"light-oauth2-data-1720872840.tar","1720872840","2024-07-13 12:14:00+00:00"
"light-oauth2-data-1720876447.tar","1720876447","2024-07-13 13:14:07+00:00"
"light-oauth2-data-1720880043.tar","1720880043","2024-07-13 14:14:03+00:00"
"light-oauth2-data-1720883642.tar","1720883642","2024-07-13 15:14:02+00:00"
"light-oauth2-data-1720887244.tar","1720887244","2024-07-13 16:14:04+00:00"
"light-oauth2-data-1720890844.tar","1720890844","2024-07-13 17:14:04+00:00"
"light-oauth2-data-1720894444.tar","1720894444","2024-07-13 18:14:04+00:00"
"light-oauth2-data-1720898045.tar","1720898045","2024-07-13 19:14:05+00:00"
"light-oauth2-data-1720901646.tar","1720901646","2024-07-13 20:14:06+00:00"
"light-oauth2-data-1720905247.tar","1720905247","2024-07-13 21:14:07+00:00"
"light-oauth2-data-1720908852.tar","1720908852","2024-07-13 22:14:12+00:00"
"light-oauth2-data-1720912450.tar","1720912450","2024-07-13 23:14:10+00:00"
"light-oauth2-data-1720916049.tar","1720916049","2024-07-14 00:14:09+00:00"
"light-oauth2-data-1720919649.tar","1720919649","2024-07-14 01:14:09+00:00"
"light-oauth2-data-1720923248.tar","1720923248","2024-07-14 02:14:08+00:00"
"light-oauth2-data-1720926846.tar","1720926846","2024-07-14 03:14:06+00:00"
"light-oauth2-data-1720930447.tar","1720930447","2024-07-14 04:14:07+00:00"
"light-oauth2-data-1720934043.tar","1720934043","2024-07-14 05:14:03+00:00"
"light-oauth2-data-1720937642.tar","1720937642","2024-07-14 06:14:02+00:00"
"light-oauth2-data-1720941241.tar","1720941241","2024-07-14 07:14:01+00:00"
"light-oauth2-data-1720944845.tar","1720944845","2024-07-14 08:14:05+00:00"
"light-oauth2-data-1720948440.tar","1720948440","2024-07-14 09:14:00+00:00"
"light-oauth2-data-1720952042.tar","1720952042","2024-07-14 10:14:02+00:00"
"light-oauth2-data-1720955643.tar","1720955643","2024-07-14 11:14:03+00:00"
"light-oauth2-data-1720959241.tar","1720959241","2024-07-14 12:14:01+00:00"
"light-oauth2-data-1720962840.tar","1720962840","2024-07-14 13:14:00+00:00"
"light-oauth2-data-1720966442.tar","1720966442","2024-07-14 14:14:02+00:00"
"light-oauth2-data-1720970041.tar","1720970041","2024-07-14 15:14:01+00:00"
"light-oauth2-data-1720973645.tar","1720973645","2024-07-14 16:14:05+00:00"
"light-oauth2-data-1720977253.tar","1720977253","2024-07-14 17:14:13+00:00"
"light-oauth2-data-1720980844.tar","1720980844","2024-07-14 18:14:04+00:00"
"light-oauth2-data-1720984445.tar","1720984445","2024-07-14 19:14:05+00:00"
"light-oauth2-data-1720988047.tar","1720988047","2024-07-14 20:14:07+00:00"
"light-oauth2-data-1720991650.tar","1720991650","2024-07-14 21:14:10+00:00"
"light-oauth2-data-1720995249.tar","1720995249","2024-07-14 22:14:09+00:00"
"light-oauth2-data-1720998851.tar","1720998851","2024-07-14 23:14:11+00:00"
"light-oauth2-data-1721002452.tar","1721002452","2024-07-15 00:14:12+00:00"
"light-oauth2-data-1721006047.tar","1721006047","2024-07-15 01:14:07+00:00"
"light-oauth2-data-1721009646.tar","1721009646","2024-07-15 02:14:06+00:00"
"light-oauth2-data-1721013242.tar","1721013242","2024-07-15 03:14:02+00:00"
"light-oauth2-data-1721016844.tar","1721016844","2024-07-15 04:14:04+00:00"
"light-oauth2-data-1721020442.tar","1721020442","2024-07-15 05:14:02+00:00"
"light-oauth2-data-1721024045.tar","1721024045","2024-07-15 06:14:05+00:00"
"light-oauth2-data-1721027651.tar","1721027651","2024-07-15 07:14:11+00:00"
"light-oauth2-data-1721031244.tar","1721031244","2024-07-15 08:14:04+00:00"
"light-oauth2-data-1721034843.tar","1721034843","2024-07-15 09:14:03+00:00"
"light-oauth2-data-1721038444.tar","1721038444","2024-07-15 10:14:04+00:00"
"light-oauth2-data-1721042043.tar","1721042043","2024-07-15 11:14:03+00:00"
"light-oauth2-data-1721045645.tar","1721045645","2024-07-15 12:14:05+00:00"
"light-oauth2-data-1721049242.tar","1721049242","2024-07-15 13:14:02+00:00"
"light-oauth2-data-1721052843.tar","1721052843","2024-07-15 14:14:03+00:00"
"light-oauth2-data-1721056444.tar","1721056444","2024-07-15 15:14:04+00:00"
"light-oauth2-data-1721060043.tar","1721060043","2024-07-15 16:14:03+00:00"
"light-oauth2-data-1721063645.tar","1721063645","2024-07-15 17:14:05+00:00"
"light-oauth2-data-1721067241.tar","1721067241","2024-07-15 18:14:01+00:00"
"light-oauth2-data-1721070844.tar","1721070844","2024-07-15 19:14:04+00:00"
"light-oauth2-data-1721074442.tar","1721074442","2024-07-15 20:14:02+00:00"
"light-oauth2-data-1721078055.tar","1721078055","2024-07-15 21:14:15+00:00"
"light-oauth2-data-1721081652.tar","1721081652","2024-07-15 22:14:12+00:00"
"light-oauth2-data-1721085247.tar","1721085247","2024-07-15 23:14:07+00:00"
"light-oauth2-data-1721088848.tar","1721088848","2024-07-16 00:14:08+00:00"
"light-oauth2-data-1721092448.tar","1721092448","2024-07-16 01:14:08+00:00"
"light-oauth2-data-1721096037.tar","1721096037","2024-07-16 02:13:57+00:00"
"light-oauth2-data-1721099641.tar","1721099641","2024-07-16 03:14:01+00:00"
"light-oauth2-data-1721103242.tar","1721103242","2024-07-16 04:14:02+00:00"
"light-oauth2-data-1721106843.tar","1721106843","2024-07-16 05:14:03+00:00"
"light-oauth2-data-1721110443.tar","1721110443","2024-07-16 06:14:03+00:00"
"light-oauth2-data-1721114046.tar","1721114046","2024-07-16 07:14:06+00:00"
"light-oauth2-data-1721117642.tar","1721117642","2024-07-16 08:14:02+00:00"
"light-oauth2-data-1721121243.tar","1721121243","2024-07-16 09:14:03+00:00"
"light-oauth2-data-1721124844.tar","1721124844","2024-07-16 10:14:04+00:00"
"light-oauth2-data-1721128443.tar","1721128443","2024-07-16 11:14:03+00:00"
"light-oauth2-data-1721132043.tar","1721132043","2024-07-16 12:14:03+00:00"
"light-oauth2-data-1721135643.tar","1721135643","2024-07-16 13:14:03+00:00"
"light-oauth2-data-1721139242.tar","1721139242","2024-07-16 14:14:02+00:00"
"light-oauth2-data-1721142843.tar","1721142843","2024-07-16 15:14:03+00:00"
"light-oauth2-data-1721146447.tar","1721146447","2024-07-16 16:14:07+00:00"
"light-oauth2-data-1721150044.tar","1721150044","2024-07-16 17:14:04+00:00"
"light-oauth2-data-1721153644.tar","1721153644","2024-07-16 18:14:04+00:00"
"light-oauth2-data-1721157245.tar","1721157245","2024-07-16 19:14:05+00:00"
"light-oauth2-data-1721160842.tar","1721160842","2024-07-16 20:14:02+00:00"
"light-oauth2-data-1721164450.tar","1721164450","2024-07-16 21:14:10+00:00"
"light-oauth2-data-1721168052.tar","1721168052","2024-07-16 22:14:12+00:00"
"light-oauth2-data-1721171651.tar","1721171651","2024-07-16 23:14:11+00:00"
"light-oauth2-data-1721175241.tar","1721175241","2024-07-17 00:14:01+00:00"
"light-oauth2-data-1721178848.tar","1721178848","2024-07-17 01:14:08+00:00"
"light-oauth2-data-1721182442.tar","1721182442","2024-07-17 02:14:02+00:00"
"light-oauth2-data-1721186045.tar","1721186045","2024-07-17 03:14:05+00:00"
"light-oauth2-data-1721189638.tar","1721189638","2024-07-17 04:13:58+00:00"
"light-oauth2-data-1721193244.tar","1721193244","2024-07-17 05:14:04+00:00"
"light-oauth2-data-1721196848.tar","1721196848","2024-07-17 06:14:08+00:00"
"light-oauth2-data-1721200444.tar","1721200444","2024-07-17 07:14:04+00:00"
"light-oauth2-data-1721204046.tar","1721204046","2024-07-17 08:14:06+00:00"
"light-oauth2-data-1721207644.tar","1721207644","2024-07-17 09:14:04+00:00"
"light-oauth2-data-1721211245.tar","1721211245","2024-07-17 10:14:05+00:00"
"light-oauth2-data-1721214847.tar","1721214847","2024-07-17 11:14:07+00:00"
"light-oauth2-data-1721218445.tar","1721218445","2024-07-17 12:14:05+00:00"
"light-oauth2-data-1721222045.tar","1721222045","2024-07-17 13:14:05+00:00"
"light-oauth2-data-1721225645.tar","1721225645","2024-07-17 14:14:05+00:00"
"light-oauth2-data-1721229247.tar","1721229247","2024-07-17 15:14:07+00:00"
"light-oauth2-data-1721232841.tar","1721232841","2024-07-17 16:14:01+00:00"
"light-oauth2-data-1721236447.tar","1721236447","2024-07-17 17:14:07+00:00"
"light-oauth2-data-1721240044.tar","1721240044","2024-07-17 18:14:04+00:00"
"light-oauth2-data-1721243644.tar","1721243644","2024-07-17 19:14:04+00:00"
"light-oauth2-data-1721247241.tar","1721247241","2024-07-17 20:14:01+00:00"
"light-oauth2-data-1721250849.tar","1721250849","2024-07-17 21:14:09+00:00"
"light-oauth2-data-1721254448.tar","1721254448","2024-07-17 22:14:08+00:00"
"light-oauth2-data-1721258046.tar","1721258046","2024-07-17 23:14:06+00:00"
"light-oauth2-data-1721261647.tar","1721261647","2024-07-18 00:14:07+00:00"
"light-oauth2-data-1721265250.tar","1721265250","2024-07-18 01:14:10+00:00"
"light-oauth2-data-1721268844.tar","1721268844","2024-07-18 02:14:04+00:00"
"light-oauth2-data-1721272443.tar","1721272443","2024-07-18 03:14:03+00:00"
"light-oauth2-data-1721276044.tar","1721276044","2024-07-18 04:14:04+00:00"
"light-oauth2-data-1721279644.tar","1721279644","2024-07-18 05:14:04+00:00"
"light-oauth2-data-1721283244.tar","1721283244","2024-07-18 06:14:04+00:00"
"light-oauth2-data-1721286843.tar","1721286843","2024-07-18 07:14:03+00:00"
"light-oauth2-data-1721290444.tar","1721290444","2024-07-18 08:14:04+00:00"
"light-oauth2-data-1721294043.tar","1721294043","2024-07-18 09:14:03+00:00"
"light-oauth2-data-1721297641.tar","1721297641","2024-07-18 10:14:01+00:00"
"light-oauth2-data-1721301243.tar","1721301243","2024-07-18 11:14:03+00:00"
"light-oauth2-data-1721304842.tar","1721304842","2024-07-18 12:14:02+00:00"
"light-oauth2-data-1721308445.tar","1721308445","2024-07-18 13:14:05+00:00"
"light-oauth2-data-1721312042.tar","1721312042","2024-07-18 14:14:02+00:00"
"light-oauth2-data-1721315643.tar","1721315643","2024-07-18 15:14:03+00:00"
"light-oauth2-data-1721319244.tar","1721319244","2024-07-18 16:14:04+00:00"
"light-oauth2-data-1721322843.tar","1721322843","2024-07-18 17:14:03+00:00"
"light-oauth2-data-1721326444.tar","1721326444","2024-07-18 18:14:04+00:00"
"light-oauth2-data-1721330045.tar","1721330045","2024-07-18 19:14:05+00:00"
"light-oauth2-data-1721333643.tar","1721333643","2024-07-18 20:14:03+00:00"
"light-oauth2-data-1721337249.tar","1721337249","2024-07-18 21:14:09+00:00"
"light-oauth2-data-1721340848.tar","1721340848","2024-07-18 22:14:08+00:00"
"light-oauth2-data-1721344449.tar","1721344449","2024-07-18 23:14:09+00:00"
"light-oauth2-data-1721348046.tar","1721348046","2024-07-19 00:14:06+00:00"
"light-oauth2-data-1721351650.tar","1721351650","2024-07-19 01:14:10+00:00"
"light-oauth2-data-1721355241.tar","1721355241","2024-07-19 02:14:01+00:00"
"light-oauth2-data-1721358839.tar","1721358839","2024-07-19 03:13:59+00:00"
"light-oauth2-data-1721362443.tar","1721362443","2024-07-19 04:14:03+00:00"
"light-oauth2-data-1721366042.tar","1721366042","2024-07-19 05:14:02+00:00"
"light-oauth2-data-1721369641.tar","1721369641","2024-07-19 06:14:01+00:00"
"light-oauth2-data-1721373246.tar","1721373246","2024-07-19 07:14:06+00:00"
"light-oauth2-data-1721376845.tar","1721376845","2024-07-19 08:14:05+00:00"
"light-oauth2-data-1721380443.tar","1721380443","2024-07-19 09:14:03+00:00"
"light-oauth2-data-1721384045.tar","1721384045","2024-07-19 10:14:05+00:00"
"light-oauth2-data-1721387642.tar","1721387642","2024-07-19 11:14:02+00:00"
"light-oauth2-data-1721391243.tar","1721391243","2024-07-19 12:14:03+00:00"
"light-oauth2-data-1721394847.tar","1721394847","2024-07-19 13:14:07+00:00"
"light-oauth2-data-1721398444.tar","1721398444","2024-07-19 14:14:04+00:00"
"light-oauth2-data-1721402043.tar","1721402043","2024-07-19 15:14:03+00:00"
"light-oauth2-data-1721405652.tar","1721405652","2024-07-19 16:14:12+00:00"
"light-oauth2-data-1721409235.tar","1721409235","2024-07-19 17:13:55+00:00"
"light-oauth2-data-1721412841.tar","1721412841","2024-07-19 18:14:01+00:00"
"light-oauth2-data-1721416444.tar","1721416444","2024-07-19 19:14:04+00:00"
"light-oauth2-data-1721420040.tar","1721420040","2024-07-19 20:14:00+00:00"
"light-oauth2-data-1721423650.tar","1721423650","2024-07-19 21:14:10+00:00"
"light-oauth2-data-1721427251.tar","1721427251","2024-07-19 22:14:11+00:00"
"light-oauth2-data-1721430848.tar","1721430848","2024-07-19 23:14:08+00:00"
"light-oauth2-data-1721434454.tar","1721434454","2024-07-20 00:14:14+00:00"
"light-oauth2-data-1721438057.tar","1721438057","2024-07-20 01:14:17+00:00"
"light-oauth2-data-1721441651.tar","1721441651","2024-07-20 02:14:11+00:00"
"light-oauth2-data-1721445246.tar","1721445246","2024-07-20 03:14:06+00:00"
"light-oauth2-data-1721448840.tar","1721448840","2024-07-20 04:14:00+00:00"
"light-oauth2-data-1721452449.tar","1721452449","2024-07-20 05:14:09+00:00"
"light-oauth2-data-1721456045.tar","1721456045","2024-07-20 06:14:05+00:00"
"light-oauth2-data-1721459644.tar","1721459644","2024-07-20 07:14:04+00:00"
"light-oauth2-data-1721463245.tar","1721463245","2024-07-20 08:14:05+00:00"
"light-oauth2-data-1721466846.tar","1721466846","2024-07-20 09:14:06+00:00"
"light-oauth2-data-1721470446.tar","1721470446","2024-07-20 10:14:06+00:00"
"light-oauth2-data-1721474046.tar","1721474046","2024-07-20 11:14:06+00:00"
"light-oauth2-data-1721477641.tar","1721477641","2024-07-20 12:14:01+00:00"
"light-oauth2-data-1721481243.tar","1721481243","2024-07-20 13:14:03+00:00"
"light-oauth2-data-1721484843.tar","1721484843","2024-07-20 14:14:03+00:00"
"light-oauth2-data-1721488443.tar","1721488443","2024-07-20 15:14:03+00:00"
"light-oauth2-data-1721492043.tar","1721492043","2024-07-20 16:14:03+00:00"
"light-oauth2-data-1721495645.tar","1721495645","2024-07-20 17:14:05+00:00"
"light-oauth2-data-1721499244.tar","1721499244","2024-07-20 18:14:04+00:00"
"light-oauth2-data-1721502845.tar","1721502845","2024-07-20 19:14:05+00:00"
"light-oauth2-data-1721506446.tar","1721506446","2024-07-20 20:14:06+00:00"
"light-oauth2-data-1721510045.tar","1721510045","2024-07-20 21:14:05+00:00"
"light-oauth2-data-1721513649.tar","1721513649","2024-07-20 22:14:09+00:00"
"light-oauth2-data-1721517249.tar","1721517249","2024-07-20 23:14:09+00:00"
"light-oauth2-data-1721520850.tar","1721520850","2024-07-21 00:14:10+00:00"
"light-oauth2-data-1721524451.tar","1721524451","2024-07-21 01:14:11+00:00"
"light-oauth2-data-1721528047.tar","1721528047","2024-07-21 02:14:07+00:00"
"light-oauth2-data-1721531644.tar","1721531644","2024-07-21 03:14:04+00:00"
"light-oauth2-data-1721535244.tar","1721535244","2024-07-21 04:14:04+00:00"
"light-oauth2-data-1721538846.tar","1721538846","2024-07-21 05:14:06+00:00"
"light-oauth2-data-1721542444.tar","1721542444","2024-07-21 06:14:04+00:00"
"light-oauth2-data-1721546043.tar","1721546043","2024-07-21 07:14:03+00:00"
"light-oauth2-data-1721549646.tar","1721549646","2024-07-21 08:14:06+00:00"
"light-oauth2-data-1721553243.tar","1721553243","2024-07-21 09:14:03+00:00"
"light-oauth2-data-1721556845.tar","1721556845","2024-07-21 10:14:05+00:00"
"light-oauth2-data-1721560443.tar","1721560443","2024-07-21 11:14:03+00:00"
"light-oauth2-data-1721564042.tar","1721564042","2024-07-21 12:14:02+00:00"
"light-oauth2-data-1721567639.tar","1721567639","2024-07-21 13:13:59+00:00"
"light-oauth2-data-1721571245.tar","1721571245","2024-07-21 14:14:05+00:00"
"light-oauth2-data-1721574843.tar","1721574843","2024-07-21 15:14:03+00:00"
"light-oauth2-data-1721578444.tar","1721578444","2024-07-21 16:14:04+00:00"
"light-oauth2-data-1721582048.tar","1721582048","2024-07-21 17:14:08+00:00"
"light-oauth2-data-1721585646.tar","1721585646","2024-07-21 18:14:06+00:00"
"light-oauth2-data-1721589244.tar","1721589244","2024-07-21 19:14:04+00:00"
"light-oauth2-data-1721592843.tar","1721592843","2024-07-21 20:14:03+00:00"
"light-oauth2-data-1721596448.tar","1721596448","2024-07-21 21:14:08+00:00"
"light-oauth2-data-1721600049.tar","1721600049","2024-07-21 22:14:09+00:00"
"light-oauth2-data-1721603649.tar","1721603649","2024-07-21 23:14:09+00:00"
"light-oauth2-data-1721607245.tar","1721607245","2024-07-22 00:14:05+00:00"
"light-oauth2-data-1721610848.tar","1721610848","2024-07-22 01:14:08+00:00"
"light-oauth2-data-1721614441.tar","1721614441","2024-07-22 02:14:01+00:00"
"light-oauth2-data-1721618045.tar","1721618045","2024-07-22 03:14:05+00:00"
"light-oauth2-data-1721621636.tar","1721621636","2024-07-22 04:13:56+00:00"
"light-oauth2-data-1721625243.tar","1721625243","2024-07-22 05:14:03+00:00"
"light-oauth2-data-1721628842.tar","1721628842","2024-07-22 06:14:02+00:00"
"light-oauth2-data-1721632443.tar","1721632443","2024-07-22 07:14:03+00:00"
"light-oauth2-data-1721636044.tar","1721636044","2024-07-22 08:14:04+00:00"
"light-oauth2-data-1721639642.tar","1721639642","2024-07-22 09:14:02+00:00"
"light-oauth2-data-1721643242.tar","1721643242","2024-07-22 10:14:02+00:00"
"light-oauth2-data-1721646842.tar","1721646842","2024-07-22 11:14:02+00:00"
"light-oauth2-data-1721650442.tar","1721650442","2024-07-22 12:14:02+00:00"
"light-oauth2-data-1721654042.tar","1721654042","2024-07-22 13:14:02+00:00"
"light-oauth2-data-1721657646.tar","1721657646","2024-07-22 14:14:06+00:00"
"light-oauth2-data-1721661243.tar","1721661243","2024-07-22 15:14:03+00:00"
"light-oauth2-data-1721664845.tar","1721664845","2024-07-22 16:14:05+00:00"
"light-oauth2-data-1721668445.tar","1721668445","2024-07-22 17:14:05+00:00"
"light-oauth2-data-1721672043.tar","1721672043","2024-07-22 18:14:03+00:00"
"light-oauth2-data-1721675641.tar","1721675641","2024-07-22 19:14:01+00:00"
"light-oauth2-data-1721679242.tar","1721679242","2024-07-22 20:14:02+00:00"
"light-oauth2-data-1721682850.tar","1721682850","2024-07-22 21:14:10+00:00"
"light-oauth2-data-1721686452.tar","1721686452","2024-07-22 22:14:12+00:00"
"light-oauth2-data-1721690047.tar","1721690047","2024-07-22 23:14:07+00:00"
"light-oauth2-data-1721693647.tar","1721693647","2024-07-23 00:14:07+00:00"
"light-oauth2-data-1721697249.tar","1721697249","2024-07-23 01:14:09+00:00"
"light-oauth2-data-1721700841.tar","1721700841","2024-07-23 02:14:01+00:00"
"light-oauth2-data-1721704442.tar","1721704442","2024-07-23 03:14:02+00:00"
"light-oauth2-data-1721708042.tar","1721708042","2024-07-23 04:14:02+00:00"
"light-oauth2-data-1721711636.tar","1721711636","2024-07-23 05:13:56+00:00"
"light-oauth2-data-1721715243.tar","1721715243","2024-07-23 06:14:03+00:00"
"light-oauth2-data-1721718845.tar","1721718845","2024-07-23 07:14:05+00:00"
"light-oauth2-data-1721722441.tar","1721722441","2024-07-23 08:14:01+00:00"
"light-oauth2-data-1721726047.tar","1721726047","2024-07-23 09:14:07+00:00"
"light-oauth2-data-1721729641.tar","1721729641","2024-07-23 10:14:01+00:00"
"light-oauth2-data-1721733243.tar","1721733243","2024-07-23 11:14:03+00:00"
"light-oauth2-data-1721736843.tar","1721736843","2024-07-23 12:14:03+00:00"
"light-oauth2-data-1721740445.tar","1721740445","2024-07-23 13:14:05+00:00"
"light-oauth2-data-1721744041.tar","1721744041","2024-07-23 14:14:01+00:00"
"light-oauth2-data-1721747642.tar","1721747642","2024-07-23 15:14:02+00:00"
"light-oauth2-data-1721751246.tar","1721751246","2024-07-23 16:14:06+00:00"
"light-oauth2-data-1721754844.tar","1721754844","2024-07-23 17:14:04+00:00"
"light-oauth2-data-1721758445.tar","1721758445","2024-07-23 18:14:05+00:00"
"light-oauth2-data-1721762044.tar","1721762044","2024-07-23 19:14:04+00:00"
"light-oauth2-data-1721765642.tar","1721765642","2024-07-23 20:14:02+00:00"
"light-oauth2-data-1721769249.tar","1721769249","2024-07-23 21:14:09+00:00"
"light-oauth2-data-1721772851.tar","1721772851","2024-07-23 22:14:11+00:00"
"light-oauth2-data-1721776446.tar","1721776446","2024-07-23 23:14:06+00:00"
"light-oauth2-data-1721780047.tar","1721780047","2024-07-24 00:14:07+00:00"
"light-oauth2-data-1721783647.tar","1721783647","2024-07-24 01:14:07+00:00"
"light-oauth2-data-1721787248.tar","1721787248","2024-07-24 02:14:08+00:00"
"light-oauth2-data-1721790841.tar","1721790841","2024-07-24 03:14:01+00:00"
"light-oauth2-data-1721794441.tar","1721794441","2024-07-24 04:14:01+00:00"
"light-oauth2-data-1721798043.tar","1721798043","2024-07-24 05:14:03+00:00"
"light-oauth2-data-1721801646.tar","1721801646","2024-07-24 06:14:06+00:00"
"light-oauth2-data-1721805243.tar","1721805243","2024-07-24 07:14:03+00:00"
"light-oauth2-data-1721808842.tar","1721808842","2024-07-24 08:14:02+00:00"
"light-oauth2-data-1721812449.tar","1721812449","2024-07-24 09:14:09+00:00"
"light-oauth2-data-1721816046.tar","1721816046","2024-07-24 10:14:06+00:00"
"light-oauth2-data-1721819645.tar","1721819645","2024-07-24 11:14:05+00:00"
"light-oauth2-data-1721823236.tar","1721823236","2024-07-24 12:13:56+00:00"
"light-oauth2-data-1721826845.tar","1721826845","2024-07-24 13:14:05+00:00"
"light-oauth2-data-1721830445.tar","1721830445","2024-07-24 14:14:05+00:00"
"light-oauth2-data-1721834043.tar","1721834043","2024-07-24 15:14:03+00:00"
"light-oauth2-data-1721837648.tar","1721837648","2024-07-24 16:14:08+00:00"
"light-oauth2-data-1721841243.tar","1721841243","2024-07-24 17:14:03+00:00"
"light-oauth2-data-1721844844.tar","1721844844","2024-07-24 18:14:04+00:00"
"light-oauth2-data-1721848443.tar","1721848443","2024-07-24 19:14:03+00:00"
"light-oauth2-data-1721852042.tar","1721852042","2024-07-24 20:14:02+00:00"
"light-oauth2-data-1721855649.tar","1721855649","2024-07-24 21:14:09+00:00"
"light-oauth2-data-1721859249.tar","1721859249","2024-07-24 22:14:09+00:00"
"light-oauth2-data-1721862847.tar","1721862847","2024-07-24 23:14:07+00:00"
"light-oauth2-data-1721866449.tar","1721866449","2024-07-25 00:14:09+00:00"
"light-oauth2-data-1721870046.tar","1721870046","2024-07-25 01:14:06+00:00"
"light-oauth2-data-1721873646.tar","1721873646","2024-07-25 02:14:06+00:00"
"light-oauth2-data-1721877239.tar","1721877239","2024-07-25 03:13:59+00:00"
"light-oauth2-data-1721880840.tar","1721880840","2024-07-25 04:14:00+00:00"
"light-oauth2-data-1721884440.tar","1721884440","2024-07-25 05:14:00+00:00"
"light-oauth2-data-1721888049.tar","1721888049","2024-07-25 06:14:09+00:00"
"light-oauth2-data-1721891647.tar","1721891647","2024-07-25 07:14:07+00:00"
"light-oauth2-data-1721895250.tar","1721895250","2024-07-25 08:14:10+00:00"
"light-oauth2-data-1721898841.tar","1721898841","2024-07-25 09:14:01+00:00"
"light-oauth2-data-1721902442.tar","1721902442","2024-07-25 10:14:02+00:00"
"light-oauth2-data-1721906044.tar","1721906044","2024-07-25 11:14:04+00:00"
"light-oauth2-data-1721909646.tar","1721909646","2024-07-25 12:14:06+00:00"
"light-oauth2-data-1721913241.tar","1721913241","2024-07-25 13:14:01+00:00"
"light-oauth2-data-1721916844.tar","1721916844","2024-07-25 14:14:04+00:00"
"light-oauth2-data-1721920444.tar","1721920444","2024-07-25 15:14:04+00:00"
"light-oauth2-data-1721924044.tar","1721924044","2024-07-25 16:14:04+00:00"
"light-oauth2-data-1721927651.tar","1721927651","2024-07-25 17:14:11+00:00"
"light-oauth2-data-1721931244.tar","1721931244","2024-07-25 18:14:04+00:00"
"light-oauth2-data-1721934844.tar","1721934844","2024-07-25 19:14:04+00:00"
"light-oauth2-data-1721938441.tar","1721938441","2024-07-25 20:14:01+00:00"
"light-oauth2-data-1721942036.tar","1721942036","2024-07-25 21:13:56+00:00"
"light-oauth2-data-1721945654.tar","1721945654","2024-07-25 22:14:14+00:00"
"light-oauth2-data-1721949249.tar","1721949249","2024-07-25 23:14:09+00:00"
"light-oauth2-data-1721952848.tar","1721952848","2024-07-26 00:14:08+00:00"
"light-oauth2-data-1721956446.tar","1721956446","2024-07-26 01:14:06+00:00"
"light-oauth2-data-1721960047.tar","1721960047","2024-07-26 02:14:07+00:00"
"light-oauth2-data-1721963644.tar","1721963644","2024-07-26 03:14:04+00:00"
"light-oauth2-data-1721967242.tar","1721967242","2024-07-26 04:14:02+00:00"
"light-oauth2-data-1721970845.tar","1721970845","2024-07-26 05:14:05+00:00"
"light-oauth2-data-1721974441.tar","1721974441","2024-07-26 06:14:01+00:00"
"light-oauth2-data-1721978048.tar","1721978048","2024-07-26 07:14:08+00:00"
"light-oauth2-data-1721981647.tar","1721981647","2024-07-26 08:14:07+00:00"
"light-oauth2-data-1721985246.tar","1721985246","2024-07-26 09:14:06+00:00"
"light-oauth2-data-1721988848.tar","1721988848","2024-07-26 10:14:08+00:00"
"light-oauth2-data-1721992448.tar","1721992448","2024-07-26 11:14:08+00:00"
"light-oauth2-data-1721996043.tar","1721996043","2024-07-26 12:14:03+00:00"
"light-oauth2-data-1721999646.tar","1721999646","2024-07-26 13:14:06+00:00"
"light-oauth2-data-1722003248.tar","1722003248","2024-07-26 14:14:08+00:00"
"light-oauth2-data-1722006845.tar","1722006845","2024-07-26 15:14:05+00:00"
"light-oauth2-data-1722010447.tar","1722010447","2024-07-26 16:14:07+00:00"
"light-oauth2-data-1722014049.tar","1722014049","2024-07-26 17:14:09+00:00"
"light-oauth2-data-1722017642.tar","1722017642","2024-07-26 18:14:02+00:00"
"light-oauth2-data-1722021246.tar","1722021246","2024-07-26 19:14:06+00:00"
"light-oauth2-data-1722024844.tar","1722024844","2024-07-26 20:14:04+00:00"
"light-oauth2-data-1722028449.tar","1722028449","2024-07-26 21:14:09+00:00"
"light-oauth2-data-1722032052.tar","1722032052","2024-07-26 22:14:12+00:00"
"light-oauth2-data-1722035651.tar","1722035651","2024-07-26 23:14:11+00:00"
"light-oauth2-data-1722039250.tar","1722039250","2024-07-27 00:14:10+00:00"
"light-oauth2-data-1722042853.tar","1722042853","2024-07-27 01:14:13+00:00"
"light-oauth2-data-1722046448.tar","1722046448","2024-07-27 02:14:08+00:00"
"light-oauth2-data-1722050048.tar","1722050048","2024-07-27 03:14:08+00:00"
"light-oauth2-data-1722053650.tar","1722053650","2024-07-27 04:14:10+00:00"
"light-oauth2-data-1722057245.tar","1722057245","2024-07-27 05:14:05+00:00"
"light-oauth2-data-1722060845.tar","1722060845","2024-07-27 06:14:05+00:00"
"light-oauth2-data-1722064445.tar","1722064445","2024-07-27 07:14:05+00:00"
"light-oauth2-data-1722068046.tar","1722068046","2024-07-27 08:14:06+00:00"
"light-oauth2-data-1722071646.tar","1722071646","2024-07-27 09:14:06+00:00"
"light-oauth2-data-1722075242.tar","1722075242","2024-07-27 10:14:02+00:00"
"light-oauth2-data-1722078842.tar","1722078842","2024-07-27 11:14:02+00:00"
"light-oauth2-data-1722082440.tar","1722082440","2024-07-27 12:14:00+00:00"
"light-oauth2-data-1722086042.tar","1722086042","2024-07-27 13:14:02+00:00"
"light-oauth2-data-1722089641.tar","1722089641","2024-07-27 14:14:01+00:00"
"light-oauth2-data-1722093242.tar","1722093242","2024-07-27 15:14:02+00:00"
"light-oauth2-data-1722096844.tar","1722096844","2024-07-27 16:14:04+00:00"
"light-oauth2-data-1722100448.tar","1722100448","2024-07-27 17:14:08+00:00"
"light-oauth2-data-1722104042.tar","1722104042","2024-07-27 18:14:02+00:00"
"light-oauth2-data-1722107643.tar","1722107643","2024-07-27 19:14:03+00:00"
"light-oauth2-data-1722111243.tar","1722111243","2024-07-27 20:14:03+00:00"
"light-oauth2-data-1722114849.tar","1722114849","2024-07-27 21:14:09+00:00"
"light-oauth2-data-1722118450.tar","1722118450","2024-07-27 22:14:10+00:00"
"light-oauth2-data-1722122047.tar","1722122047","2024-07-27 23:14:07+00:00"
"light-oauth2-data-1722125649.tar","1722125649","2024-07-28 00:14:09+00:00"
"light-oauth2-data-1722129254.tar","1722129254","2024-07-28 01:14:14+00:00"
"light-oauth2-data-1722132848.tar","1722132848","2024-07-28 02:14:08+00:00"
"light-oauth2-data-1722136445.tar","1722136445","2024-07-28 03:14:05+00:00"
"light-oauth2-data-1722140045.tar","1722140045","2024-07-28 04:14:05+00:00"
"light-oauth2-data-1722143646.tar","1722143646","2024-07-28 05:14:06+00:00"
"light-oauth2-data-1722147243.tar","1722147243","2024-07-28 06:14:03+00:00"
"light-oauth2-data-1722150843.tar","1722150843","2024-07-28 07:14:03+00:00"
"light-oauth2-data-1722154442.tar","1722154442","2024-07-28 08:14:02+00:00"
"light-oauth2-data-1722158044.tar","1722158044","2024-07-28 09:14:04+00:00"
"light-oauth2-data-1722161643.tar","1722161643","2024-07-28 10:14:03+00:00"
"light-oauth2-data-1722165242.tar","1722165242","2024-07-28 11:14:02+00:00"
"light-oauth2-data-1722168842.tar","1722168842","2024-07-28 12:14:02+00:00"
"light-oauth2-data-1722172443.tar","1722172443","2024-07-28 13:14:03+00:00"
"light-oauth2-data-1722176044.tar","1722176044","2024-07-28 14:14:04+00:00"
"light-oauth2-data-1722179638.tar","1722179638","2024-07-28 15:13:58+00:00"
"light-oauth2-data-1722183245.tar","1722183245","2024-07-28 16:14:05+00:00"
"light-oauth2-data-1722186847.tar","1722186847","2024-07-28 17:14:07+00:00"
"light-oauth2-data-1722190445.tar","1722190445","2024-07-28 18:14:05+00:00"
"light-oauth2-data-1722194043.tar","1722194043","2024-07-28 19:14:03+00:00"
"light-oauth2-data-1722197644.tar","1722197644","2024-07-28 20:14:04+00:00"
"light-oauth2-data-1722201247.tar","1722201247","2024-07-28 21:14:07+00:00"
"light-oauth2-data-1722204844.tar","1722204844","2024-07-28 22:14:04+00:00"
"light-oauth2-data-1722208447.tar","1722208447","2024-07-28 23:14:07+00:00"
"light-oauth2-data-1722212046.tar","1722212046","2024-07-29 00:14:06+00:00"
"light-oauth2-data-1722215646.tar","1722215646","2024-07-29 01:14:06+00:00"
"light-oauth2-data-1722219239.tar","1722219239","2024-07-29 02:13:59+00:00"
"light-oauth2-data-1722222842.tar","1722222842","2024-07-29 03:14:02+00:00"
"light-oauth2-data-1722226442.tar","1722226442","2024-07-29 04:14:02+00:00"
"light-oauth2-data-1722230044.tar","1722230044","2024-07-29 05:14:04+00:00"
"light-oauth2-data-1722233644.tar","1722233644","2024-07-29 06:14:04+00:00"
"light-oauth2-data-1722237242.tar","1722237242","2024-07-29 07:14:02+00:00"
"light-oauth2-data-1722240844.tar","1722240844","2024-07-29 08:14:04+00:00"
"light-oauth2-data-1722244446.tar","1722244446","2024-07-29 09:14:06+00:00"
"light-oauth2-data-1722248045.tar","1722248045","2024-07-29 10:14:05+00:00"
"light-oauth2-data-1722251647.tar","1722251647","2024-07-29 11:14:07+00:00"
"light-oauth2-data-1722255245.tar","1722255245","2024-07-29 12:14:05+00:00"
"light-oauth2-data-1722258844.tar","1722258844","2024-07-29 13:14:04+00:00"
"light-oauth2-data-1722262444.tar","1722262444","2024-07-29 14:14:04+00:00"
"light-oauth2-data-1722266043.tar","1722266043","2024-07-29 15:14:03+00:00"
"light-oauth2-data-1722269642.tar","1722269642","2024-07-29 16:14:02+00:00"
"light-oauth2-data-1722273249.tar","1722273249","2024-07-29 17:14:09+00:00"
"light-oauth2-data-1722276843.tar","1722276843","2024-07-29 18:14:03+00:00"
"light-oauth2-data-1722280445.tar","1722280445","2024-07-29 19:14:05+00:00"
"light-oauth2-data-1722284044.tar","1722284044","2024-07-29 20:14:04+00:00"
"light-oauth2-data-1722287645.tar","1722287645","2024-07-29 21:14:05+00:00"
"light-oauth2-data-1722291250.tar","1722291250","2024-07-29 22:14:10+00:00"
"light-oauth2-data-1722294846.tar","1722294846","2024-07-29 23:14:06+00:00"
"light-oauth2-data-1722298447.tar","1722298447","2024-07-30 00:14:07+00:00"
"light-oauth2-data-1722302049.tar","1722302049","2024-07-30 01:14:09+00:00"
"light-oauth2-data-1722305642.tar","1722305642","2024-07-30 02:14:02+00:00"
"light-oauth2-data-1722309242.tar","1722309242","2024-07-30 03:14:02+00:00"
"light-oauth2-data-1722312843.tar","1722312843","2024-07-30 04:14:03+00:00"
"light-oauth2-data-1722316442.tar","1722316442","2024-07-30 05:14:02+00:00"
"light-oauth2-data-1722320043.tar","1722320043","2024-07-30 06:14:03+00:00"
"light-oauth2-data-1722323647.tar","1722323647","2024-07-30 07:14:07+00:00"
"light-oauth2-data-1722327247.tar","1722327247","2024-07-30 08:14:07+00:00"
"light-oauth2-data-1722330847.tar","1722330847","2024-07-30 09:14:07+00:00"
"light-oauth2-data-1722334444.tar","1722334444","2024-07-30 10:14:04+00:00"
"light-oauth2-data-1722338042.tar","1722338042","2024-07-30 11:14:02+00:00"
"light-oauth2-data-1722341643.tar","1722341643","2024-07-30 12:14:03+00:00"
"light-oauth2-data-1722345239.tar","1722345239","2024-07-30 13:13:59+00:00"
"light-oauth2-data-1722348840.tar","1722348840","2024-07-30 14:14:00+00:00"
"light-oauth2-data-1722352454.tar","1722352454","2024-07-30 15:14:14+00:00"
"light-oauth2-data-1722356056.tar","1722356056","2024-07-30 16:14:16+00:00"
"light-oauth2-data-1722359647.tar","1722359647","2024-07-30 17:14:07+00:00"
"light-oauth2-data-1722363242.tar","1722363242","2024-07-30 18:14:02+00:00"
"light-oauth2-data-1722366844.tar","1722366844","2024-07-30 19:14:04+00:00"
"light-oauth2-data-1722370441.tar","1722370441","2024-07-30 20:14:01+00:00"
"light-oauth2-data-1722374050.tar","1722374050","2024-07-30 21:14:10+00:00"
"light-oauth2-data-1722377650.tar","1722377650","2024-07-30 22:14:10+00:00"
"light-oauth2-data-1722381250.tar","1722381250","2024-07-30 23:14:10+00:00"
"light-oauth2-data-1722384844.tar","1722384844","2024-07-31 00:14:04+00:00"
"light-oauth2-data-1722388446.tar","1722388446","2024-07-31 01:14:06+00:00"
"light-oauth2-data-1722392042.tar","1722392042","2024-07-31 02:14:02+00:00"
"light-oauth2-data-1722395639.tar","1722395639","2024-07-31 03:13:59+00:00"
"light-oauth2-data-1722399242.tar","1722399242","2024-07-31 04:14:02+00:00"
"light-oauth2-data-1722402841.tar","1722402841","2024-07-31 05:14:01+00:00"
"light-oauth2-data-1722406439.tar","1722406439","2024-07-31 06:13:59+00:00"
"light-oauth2-data-1722410044.tar","1722410044","2024-07-31 07:14:04+00:00"
"light-oauth2-data-1722413648.tar","1722413648","2024-07-31 08:14:08+00:00"
"light-oauth2-data-1722417243.tar","1722417243","2024-07-31 09:14:03+00:00"
"light-oauth2-data-1722420846.tar","1722420846","2024-07-31 10:14:06+00:00"
"light-oauth2-data-1722424440.tar","1722424440","2024-07-31 11:14:00+00:00"
"light-oauth2-data-1722428043.tar","1722428043","2024-07-31 12:14:03+00:00"
"light-oauth2-data-1722431642.tar","1722431642","2024-07-31 13:14:02+00:00"
"light-oauth2-data-1722435244.tar","1722435244","2024-07-31 14:14:04+00:00"
"light-oauth2-data-1722438844.tar","1722438844","2024-07-31 15:14:04+00:00"
"light-oauth2-data-1722442476.tar","1722442476","2024-07-31 16:14:36+00:00"
"light-oauth2-data-1722446083.tar","1722446083","2024-07-31 17:14:43+00:00"
"light-oauth2-data-1722449670.tar","1722449670","2024-07-31 18:14:30+00:00"
"light-oauth2-data-1722453242.tar","1722453242","2024-07-31 19:14:02+00:00"
"light-oauth2-data-1722456916.tar","1722456916","2024-07-31 20:15:16+00:00"
"light-oauth2-data-1722460530.tar","1722460530","2024-07-31 21:15:30+00:00"
"light-oauth2-data-1722464131.tar","1722464131","2024-07-31 22:15:31+00:00"
"light-oauth2-data-1722467564.tar","1722467564","2024-07-31 23:12:44+00:00"
"light-oauth2-data-1722471120.tar","1722471120","2024-08-01 00:12:00+00:00"
"light-oauth2-data-1722474696.tar","1722474696","2024-08-01 01:11:36+00:00"
"light-oauth2-data-1722478279.tar","1722478279","2024-08-01 02:11:19+00:00"
"light-oauth2-data-1722481872.tar","1722481872","2024-08-01 03:11:12+00:00"
"light-oauth2-data-1722485475.tar","1722485475","2024-08-01 04:11:15+00:00"
"light-oauth2-data-1722489070.tar","1722489070","2024-08-01 05:11:10+00:00"
"light-oauth2-data-1722492675.tar","1722492675","2024-08-01 06:11:15+00:00"
"light-oauth2-data-1722514683.tar","1722514683","2024-08-01 12:18:03+00:00"
"light-oauth2-data-1722518047.tar","1722518047","2024-08-01 13:14:07+00:00"
"light-oauth2-data-1722521649.tar","1722521649","2024-08-01 14:14:09+00:00"
"light-oauth2-data-1722525245.tar","1722525245","2024-08-01 15:14:05+00:00"
"light-oauth2-data-1722528845.tar","1722528845","2024-08-01 16:14:05+00:00"
"light-oauth2-data-1722532449.tar","1722532449","2024-08-01 17:14:09+00:00"
"light-oauth2-data-1722536047.tar","1722536047","2024-08-01 18:14:07+00:00"
"light-oauth2-data-1722539647.tar","1722539647","2024-08-01 19:14:07+00:00"
"light-oauth2-data-1722543242.tar","1722543242","2024-08-01 20:14:02+00:00"
"light-oauth2-data-1722546851.tar","1722546851","2024-08-01 21:14:11+00:00"
"light-oauth2-data-1722550453.tar","1722550453","2024-08-01 22:14:13+00:00"
"light-oauth2-data-1722554052.tar","1722554052","2024-08-01 23:14:12+00:00"
"light-oauth2-data-1722557648.tar","1722557648","2024-08-02 00:14:08+00:00"
"light-oauth2-data-1722561248.tar","1722561248","2024-08-02 01:14:08+00:00"
"light-oauth2-data-1722564850.tar","1722564850","2024-08-02 02:14:10+00:00"
"light-oauth2-data-1722568444.tar","1722568444","2024-08-02 03:14:04+00:00"
"light-oauth2-data-1722572042.tar","1722572042","2024-08-02 04:14:02+00:00"
"light-oauth2-data-1722575642.tar","1722575642","2024-08-02 05:14:02+00:00"
"light-oauth2-data-1722579247.tar","1722579247","2024-08-02 06:14:07+00:00"
"light-oauth2-data-1722582847.tar","1722582847","2024-08-02 07:14:07+00:00"
"light-oauth2-data-1722586449.tar","1722586449","2024-08-02 08:14:09+00:00"
"light-oauth2-data-1722590049.tar","1722590049","2024-08-02 09:14:09+00:00"
"light-oauth2-data-1722593644.tar","1722593644","2024-08-02 10:14:04+00:00"
"light-oauth2-data-1722597248.tar","1722597248","2024-08-02 11:14:08+00:00"
"light-oauth2-data-1722600846.tar","1722600846","2024-08-02 12:14:06+00:00"
"light-oauth2-data-1722604453.tar","1722604453","2024-08-02 13:14:13+00:00"
"light-oauth2-data-1722608105.tar","1722608105","2024-08-02 14:15:05+00:00"
"light-oauth2-data-1722611720.tar","1722611720","2024-08-02 15:15:20+00:00"
"light-oauth2-data-1722615276.tar","1722615276","2024-08-02 16:14:36+00:00"
"light-oauth2-data-1722618872.tar","1722618872","2024-08-02 17:14:32+00:00"
"light-oauth2-data-1722622461.tar","1722622461","2024-08-02 18:14:21+00:00"
"light-oauth2-data-1722626059.tar","1722626059","2024-08-02 19:14:19+00:00"
"light-oauth2-data-1722629659.tar","1722629659","2024-08-02 20:14:19+00:00"
"light-oauth2-data-1722633267.tar","1722633267","2024-08-02 21:14:27+00:00"
"light-oauth2-data-1722636871.tar","1722636871","2024-08-02 22:14:31+00:00"
"light-oauth2-data-1722640462.tar","1722640462","2024-08-02 23:14:22+00:00"
"light-oauth2-data-1722644070.tar","1722644070","2024-08-03 00:14:30+00:00"
"light-oauth2-data-1722647666.tar","1722647666","2024-08-03 01:14:26+00:00"
"light-oauth2-data-1722651263.tar","1722651263","2024-08-03 02:14:23+00:00"
"light-oauth2-data-1722654859.tar","1722654859","2024-08-03 03:14:19+00:00"
"light-oauth2-data-1722658460.tar","1722658460","2024-08-03 04:14:20+00:00"
"light-oauth2-data-1722662060.tar","1722662060","2024-08-03 05:14:20+00:00"
"light-oauth2-data-1722665657.tar","1722665657","2024-08-03 06:14:17+00:00"
"light-oauth2-data-1722669261.tar","1722669261","2024-08-03 07:14:21+00:00"
"light-oauth2-data-1722672859.tar","1722672859","2024-08-03 08:14:19+00:00"
"light-oauth2-data-1722676459.tar","1722676459","2024-08-03 09:14:19+00:00"
"light-oauth2-data-1722680056.tar","1722680056","2024-08-03 10:14:16+00:00"
"light-oauth2-data-1722683655.tar","1722683655","2024-08-03 11:14:15+00:00"
"light-oauth2-data-1722687257.tar","1722687257","2024-08-03 12:14:17+00:00"
"light-oauth2-data-1722690858.tar","1722690858","2024-08-03 13:14:18+00:00"
"light-oauth2-data-1722694453.tar","1722694453","2024-08-03 14:14:13+00:00"
"light-oauth2-data-1722698054.tar","1722698054","2024-08-03 15:14:14+00:00"
"light-oauth2-data-1722701656.tar","1722701656","2024-08-03 16:14:16+00:00"
"light-oauth2-data-1722705262.tar","1722705262","2024-08-03 17:14:22+00:00"
"light-oauth2-data-1722708854.tar","1722708854","2024-08-03 18:14:14+00:00"
"light-oauth2-data-1722712454.tar","1722712454","2024-08-03 19:14:14+00:00"
"light-oauth2-data-1722716053.tar","1722716053","2024-08-03 20:14:13+00:00"
"light-oauth2-data-1722719661.tar","1722719661","2024-08-03 21:14:21+00:00"
"light-oauth2-data-1722723265.tar","1722723265","2024-08-03 22:14:25+00:00"
"light-oauth2-data-1722726862.tar","1722726862","2024-08-03 23:14:22+00:00"
"light-oauth2-data-1722730459.tar","1722730459","2024-08-04 00:14:19+00:00"
"light-oauth2-data-1722734064.tar","1722734064","2024-08-04 01:14:24+00:00"
"light-oauth2-data-1722737658.tar","1722737658","2024-08-04 02:14:18+00:00"
"light-oauth2-data-1722741254.tar","1722741254","2024-08-04 03:14:14+00:00"
"light-oauth2-data-1722744859.tar","1722744859","2024-08-04 04:14:19+00:00"
"light-oauth2-data-1722748457.tar","1722748457","2024-08-04 05:14:17+00:00"
"light-oauth2-data-1722752055.tar","1722752055","2024-08-04 06:14:15+00:00"
"light-oauth2-data-1722755655.tar","1722755655","2024-08-04 07:14:15+00:00"
"light-oauth2-data-1722759253.tar","1722759253","2024-08-04 08:14:13+00:00"
"light-oauth2-data-1722762856.tar","1722762856","2024-08-04 09:14:16+00:00"
"light-oauth2-data-1722766457.tar","1722766457","2024-08-04 10:14:17+00:00"
"light-oauth2-data-1722770054.tar","1722770054","2024-08-04 11:14:14+00:00"
"light-oauth2-data-1722773655.tar","1722773655","2024-08-04 12:14:15+00:00"
"light-oauth2-data-1722777256.tar","1722777256","2024-08-04 13:14:16+00:00"
"light-oauth2-data-1722780853.tar","1722780853","2024-08-04 14:14:13+00:00"
"light-oauth2-data-1722784457.tar","1722784457","2024-08-04 15:14:17+00:00"
"light-oauth2-data-1722788056.tar","1722788056","2024-08-04 16:14:16+00:00"
"light-oauth2-data-1722791657.tar","1722791657","2024-08-04 17:14:17+00:00"
"light-oauth2-data-1722795258.tar","1722795258","2024-08-04 18:14:18+00:00"
"light-oauth2-data-1722798858.tar","1722798858","2024-08-04 19:14:18+00:00"
"light-oauth2-data-1722802452.tar","1722802452","2024-08-04 20:14:12+00:00"
"light-oauth2-data-1722806060.tar","1722806060","2024-08-04 21:14:20+00:00"
"light-oauth2-data-1722809666.tar","1722809666","2024-08-04 22:14:26+00:00"
"light-oauth2-data-1722813260.tar","1722813260","2024-08-04 23:14:20+00:00"
"light-oauth2-data-1722816858.tar","1722816858","2024-08-05 00:14:18+00:00"
"light-oauth2-data-1722820460.tar","1722820460","2024-08-05 01:14:20+00:00"
"light-oauth2-data-1722824057.tar","1722824057","2024-08-05 02:14:17+00:00"
"light-oauth2-data-1722827653.tar","1722827653","2024-08-05 03:14:13+00:00"
"light-oauth2-data-1722831253.tar","1722831253","2024-08-05 04:14:13+00:00"
"light-oauth2-data-1722834857.tar","1722834857","2024-08-05 05:14:17+00:00"
"light-oauth2-data-1722838459.tar","1722838459","2024-08-05 06:14:19+00:00"
"light-oauth2-data-1722842060.tar","1722842060","2024-08-05 07:14:20+00:00"
"light-oauth2-data-1722845655.tar","1722845655","2024-08-05 08:14:15+00:00"
"light-oauth2-data-1722849253.tar","1722849253","2024-08-05 09:14:13+00:00"
"light-oauth2-data-1722852855.tar","1722852855","2024-08-05 10:14:15+00:00"
"light-oauth2-data-1722856455.tar","1722856455","2024-08-05 11:14:15+00:00"
"light-oauth2-data-1722860056.tar","1722860056","2024-08-05 12:14:16+00:00"
"light-oauth2-data-1722863657.tar","1722863657","2024-08-05 13:14:17+00:00"
"light-oauth2-data-1722867259.tar","1722867259","2024-08-05 14:14:19+00:00"
"light-oauth2-data-1722870855.tar","1722870855","2024-08-05 15:14:15+00:00"
"light-oauth2-data-1722874456.tar","1722874456","2024-08-05 16:14:16+00:00"
"light-oauth2-data-1722878057.tar","1722878057","2024-08-05 17:14:17+00:00"
"light-oauth2-data-1722881655.tar","1722881655","2024-08-05 18:14:15+00:00"
"light-oauth2-data-1722885254.tar","1722885254","2024-08-05 19:14:14+00:00"
"light-oauth2-data-1722888859.tar","1722888859","2024-08-05 20:14:19+00:00"
"light-oauth2-data-1722892460.tar","1722892460","2024-08-05 21:14:20+00:00"
"light-oauth2-data-1722896064.tar","1722896064","2024-08-05 22:14:24+00:00"
"light-oauth2-data-1722899663.tar","1722899663","2024-08-05 23:14:23+00:00"
"light-oauth2-data-1722903259.tar","1722903259","2024-08-06 00:14:19+00:00"
"light-oauth2-data-1722906857.tar","1722906857","2024-08-06 01:14:17+00:00"
"light-oauth2-data-1722910455.tar","1722910455","2024-08-06 02:14:15+00:00"
"light-oauth2-data-1722914053.tar","1722914053","2024-08-06 03:14:13+00:00"
"light-oauth2-data-1722917654.tar","1722917654","2024-08-06 04:14:14+00:00"
"light-oauth2-data-1722921254.tar","1722921254","2024-08-06 05:14:14+00:00"
"light-oauth2-data-1722924854.tar","1722924854","2024-08-06 06:14:14+00:00"
"light-oauth2-data-1722928460.tar","1722928460","2024-08-06 07:14:20+00:00"
"light-oauth2-data-1722932056.tar","1722932056","2024-08-06 08:14:16+00:00"
"light-oauth2-data-1722935656.tar","1722935656","2024-08-06 09:14:16+00:00"
"light-oauth2-data-1722939256.tar","1722939256","2024-08-06 10:14:16+00:00"
"light-oauth2-data-1722942855.tar","1722942855","2024-08-06 11:14:15+00:00"
"light-oauth2-data-1722946453.tar","1722946453","2024-08-06 12:14:13+00:00"
"light-oauth2-data-1722950057.tar","1722950057","2024-08-06 13:14:17+00:00"
"light-oauth2-data-1722953652.tar","1722953652","2024-08-06 14:14:12+00:00"
"light-oauth2-data-1722957255.tar","1722957255","2024-08-06 15:14:15+00:00"
"light-oauth2-data-1722960857.tar","1722960857","2024-08-06 16:14:17+00:00"
"light-oauth2-data-1722964455.tar","1722964455","2024-08-06 17:14:15+00:00"
"light-oauth2-data-1722968054.tar","1722968054","2024-08-06 18:14:14+00:00"
"light-oauth2-data-1722971655.tar","1722971655","2024-08-06 19:14:15+00:00"
"light-oauth2-data-1722975255.tar","1722975255","2024-08-06 20:14:15+00:00"
"light-oauth2-data-1722978862.tar","1722978862","2024-08-06 21:14:22+00:00"
"light-oauth2-data-1722982460.tar","1722982460","2024-08-06 22:14:20+00:00"
"light-oauth2-data-1722986066.tar","1722986066","2024-08-06 23:14:26+00:00"
"light-oauth2-data-1722989660.tar","1722989660","2024-08-07 00:14:20+00:00"
"light-oauth2-data-1722993263.tar","1722993263","2024-08-07 01:14:23+00:00"
"light-oauth2-data-1722996858.tar","1722996858","2024-08-07 02:14:18+00:00"
"light-oauth2-data-1723000452.tar","1723000452","2024-08-07 03:14:12+00:00"
"light-oauth2-data-1723004055.tar","1723004055","2024-08-07 04:14:15+00:00"
"light-oauth2-data-1723007656.tar","1723007656","2024-08-07 05:14:16+00:00"
"light-oauth2-data-1723011255.tar","1723011255","2024-08-07 06:14:15+00:00"
"light-oauth2-data-1723014858.tar","1723014858","2024-08-07 07:14:18+00:00"
"light-oauth2-data-1723018457.tar","1723018457","2024-08-07 08:14:17+00:00"
"light-oauth2-data-1723022052.tar","1723022052","2024-08-07 09:14:12+00:00"
"light-oauth2-data-1723025657.tar","1723025657","2024-08-07 10:14:17+00:00"
"light-oauth2-data-1723029259.tar","1723029259","2024-08-07 11:14:19+00:00"
"light-oauth2-data-1723032856.tar","1723032856","2024-08-07 12:14:16+00:00"
"light-oauth2-data-1723036454.tar","1723036454","2024-08-07 13:14:14+00:00"
"light-oauth2-data-1723040055.tar","1723040055","2024-08-07 14:14:15+00:00"
"light-oauth2-data-1723043658.tar","1723043658","2024-08-07 15:14:18+00:00"
"light-oauth2-data-1723047254.tar","1723047254","2024-08-07 16:14:14+00:00"
"light-oauth2-data-1723050858.tar","1723050858","2024-08-07 17:14:18+00:00"
"light-oauth2-data-1723054463.tar","1723054463","2024-08-07 18:14:23+00:00"
"light-oauth2-data-1723058053.tar","1723058053","2024-08-07 19:14:13+00:00"
"light-oauth2-data-1723061653.tar","1723061653","2024-08-07 20:14:13+00:00"
"light-oauth2-data-1723065259.tar","1723065259","2024-08-07 21:14:19+00:00"
"light-oauth2-data-1723068861.tar","1723068861","2024-08-07 22:14:21+00:00"
"light-oauth2-data-1723072459.tar","1723072459","2024-08-07 23:14:19+00:00"
"light-oauth2-data-1723076060.tar","1723076060","2024-08-08 00:14:20+00:00"
"light-oauth2-data-1723079657.tar","1723079657","2024-08-08 01:14:17+00:00"
"light-oauth2-data-1723083256.tar","1723083256","2024-08-08 02:14:16+00:00"
"light-oauth2-data-1723086856.tar","1723086856","2024-08-08 03:14:16+00:00"
"light-oauth2-data-1723090457.tar","1723090457","2024-08-08 04:14:17+00:00"
"light-oauth2-data-1723094054.tar","1723094054","2024-08-08 05:14:14+00:00"
"light-oauth2-data-1723097657.tar","1723097657","2024-08-08 06:14:17+00:00"
"light-oauth2-data-1723101257.tar","1723101257","2024-08-08 07:14:17+00:00"
"light-oauth2-data-1723104855.tar","1723104855","2024-08-08 08:14:15+00:00"
"light-oauth2-data-1723108457.tar","1723108457","2024-08-08 09:14:17+00:00"
"light-oauth2-data-1723112057.tar","1723112057","2024-08-08 10:14:17+00:00"
"light-oauth2-data-1723115655.tar","1723115655","2024-08-08 11:14:15+00:00"
"light-oauth2-data-1723119256.tar","1723119256","2024-08-08 12:14:16+00:00"
"light-oauth2-data-1723122856.tar","1723122856","2024-08-08 13:14:16+00:00"
"light-oauth2-data-1723126456.tar","1723126456","2024-08-08 14:14:16+00:00"
"light-oauth2-data-1723130055.tar","1723130055","2024-08-08 15:14:15+00:00"
"light-oauth2-data-1723133668.tar","1723133668","2024-08-08 16:14:28+00:00"
"light-oauth2-data-1723137267.tar","1723137267","2024-08-08 17:14:27+00:00"
"light-oauth2-data-1723140870.tar","1723140870","2024-08-08 18:14:30+00:00"
"light-oauth2-data-1723144467.tar","1723144467","2024-08-08 19:14:27+00:00"
"light-oauth2-data-1723148062.tar","1723148062","2024-08-08 20:14:22+00:00"
"light-oauth2-data-1723151674.tar","1723151674","2024-08-08 21:14:34+00:00"
"light-oauth2-data-1723155264.tar","1723155264","2024-08-08 22:14:24+00:00"
"light-oauth2-data-1723158863.tar","1723158863","2024-08-08 23:14:23+00:00"
"light-oauth2-data-1723162475.tar","1723162475","2024-08-09 00:14:35+00:00"
"light-oauth2-data-1723166069.tar","1723166069","2024-08-09 01:14:29+00:00"
"light-oauth2-data-1723169668.tar","1723169668","2024-08-09 02:14:28+00:00"
"light-oauth2-data-1723173267.tar","1723173267","2024-08-09 03:14:27+00:00"
"light-oauth2-data-1723176867.tar","1723176867","2024-08-09 04:14:27+00:00"
"light-oauth2-data-1723180466.tar","1723180466","2024-08-09 05:14:26+00:00"
"light-oauth2-data-1723184065.tar","1723184065","2024-08-09 06:14:25+00:00"
"light-oauth2-data-1723187671.tar","1723187671","2024-08-09 07:14:31+00:00"
"light-oauth2-data-1723191279.tar","1723191279","2024-08-09 08:14:39+00:00"
"light-oauth2-data-1723194881.tar","1723194881","2024-08-09 09:14:41+00:00"
"light-oauth2-data-1723198477.tar","1723198477","2024-08-09 10:14:37+00:00"
"light-oauth2-data-1723202084.tar","1723202084","2024-08-09 11:14:44+00:00"
"light-oauth2-data-1723205676.tar","1723205676","2024-08-09 12:14:36+00:00"
"light-oauth2-data-1723209277.tar","1723209277","2024-08-09 13:14:37+00:00"
"light-oauth2-data-1723212878.tar","1723212878","2024-08-09 14:14:38+00:00"
"light-oauth2-data-1723216478.tar","1723216478","2024-08-09 15:14:38+00:00"
"light-oauth2-data-1723220079.tar","1723220079","2024-08-09 16:14:39+00:00"
"light-oauth2-data-1723223674.tar","1723223674","2024-08-09 17:14:34+00:00"
"light-oauth2-data-1723227271.tar","1723227271","2024-08-09 18:14:31+00:00"
"light-oauth2-data-1723230871.tar","1723230871","2024-08-09 19:14:31+00:00"
"light-oauth2-data-1723234467.tar","1723234467","2024-08-09 20:14:27+00:00"
"light-oauth2-data-1723238079.tar","1723238079","2024-08-09 21:14:39+00:00"
"light-oauth2-data-1723241680.tar","1723241680","2024-08-09 22:14:40+00:00"
"light-oauth2-data-1723245286.tar","1723245286","2024-08-09 23:14:46+00:00"
"light-oauth2-data-1723248881.tar","1723248881","2024-08-10 00:14:41+00:00"
"light-oauth2-data-1723252474.tar","1723252474","2024-08-10 01:14:34+00:00"
"light-oauth2-data-1723256071.tar","1723256071","2024-08-10 02:14:31+00:00"
"light-oauth2-data-1723259670.tar","1723259670","2024-08-10 03:14:30+00:00"
"light-oauth2-data-1723263271.tar","1723263271","2024-08-10 04:14:31+00:00"
"light-oauth2-data-1723266869.tar","1723266869","2024-08-10 05:14:29+00:00"
"light-oauth2-data-1723270467.tar","1723270467","2024-08-10 06:14:27+00:00"
"light-oauth2-data-1723274058.tar","1723274058","2024-08-10 07:14:18+00:00"
"light-oauth2-data-1723277669.tar","1723277669","2024-08-10 08:14:29+00:00"
"light-oauth2-data-1723281273.tar","1723281273","2024-08-10 09:14:33+00:00"
"light-oauth2-data-1723284869.tar","1723284869","2024-08-10 10:14:29+00:00"
"light-oauth2-data-1723288466.tar","1723288466","2024-08-10 11:14:26+00:00"
"light-oauth2-data-1723292075.tar","1723292075","2024-08-10 12:14:35+00:00"
"light-oauth2-data-1723295667.tar","1723295667","2024-08-10 13:14:27+00:00"
"light-oauth2-data-1723299270.tar","1723299270","2024-08-10 14:14:30+00:00"
"light-oauth2-data-1723302869.tar","1723302869","2024-08-10 15:14:29+00:00"
"light-oauth2-data-1723306468.tar","1723306468","2024-08-10 16:14:28+00:00"
"light-oauth2-data-1723310069.tar","1723310069","2024-08-10 17:14:29+00:00"
"light-oauth2-data-1723313668.tar","1723313668","2024-08-10 18:14:28+00:00"
"light-oauth2-data-1723317273.tar","1723317273","2024-08-10 19:14:33+00:00"
"light-oauth2-data-1723320867.tar","1723320867","2024-08-10 20:14:27+00:00"
"light-oauth2-data-1723324475.tar","1723324475","2024-08-10 21:14:35+00:00"
"light-oauth2-data-1723328076.tar","1723328076","2024-08-10 22:14:36+00:00"
"light-oauth2-data-1723331672.tar","1723331672","2024-08-10 23:14:32+00:00"
"light-oauth2-data-1723335278.tar","1723335278","2024-08-11 00:14:38+00:00"
"light-oauth2-data-1723338873.tar","1723338873","2024-08-11 01:14:33+00:00"
"light-oauth2-data-1723342478.tar","1723342478","2024-08-11 02:14:38+00:00"
"light-oauth2-data-1723346069.tar","1723346069","2024-08-11 03:14:29+00:00"
"light-oauth2-data-1723349671.tar","1723349671","2024-08-11 04:14:31+00:00"
"light-oauth2-data-1723353266.tar","1723353266","2024-08-11 05:14:26+00:00"
"light-oauth2-data-1723356875.tar","1723356875","2024-08-11 06:14:35+00:00"
"light-oauth2-data-1723360470.tar","1723360470","2024-08-11 07:14:30+00:00"
"light-oauth2-data-1723364070.tar","1723364070","2024-08-11 08:14:30+00:00"
"light-oauth2-data-1723367669.tar","1723367669","2024-08-11 09:14:29+00:00"
"light-oauth2-data-1723371271.tar","1723371271","2024-08-11 10:14:31+00:00"
"light-oauth2-data-1723374925.tar","1723374925","2024-08-11 11:15:25+00:00"
"light-oauth2-data-1723378504.tar","1723378504","2024-08-11 12:15:04+00:00"
"light-oauth2-data-1723382084.tar","1723382084","2024-08-11 13:14:44+00:00"
"light-oauth2-data-1723385684.tar","1723385684","2024-08-11 14:14:44+00:00"
"light-oauth2-data-1723389285.tar","1723389285","2024-08-11 15:14:45+00:00"
"light-oauth2-data-1723392886.tar","1723392886","2024-08-11 16:14:46+00:00"
"light-oauth2-data-1723396482.tar","1723396482","2024-08-11 17:14:42+00:00"
"light-oauth2-data-1723400088.tar","1723400088","2024-08-11 18:14:48+00:00"
"light-oauth2-data-1723403680.tar","1723403680","2024-08-11 19:14:40+00:00"
"light-oauth2-data-1723407279.tar","1723407279","2024-08-11 20:14:39+00:00"
"light-oauth2-data-1723410889.tar","1723410889","2024-08-11 21:14:49+00:00"
"light-oauth2-data-1723414491.tar","1723414491","2024-08-11 22:14:51+00:00"
"light-oauth2-data-1723418084.tar","1723418084","2024-08-11 23:14:44+00:00"
"light-oauth2-data-1723421688.tar","1723421688","2024-08-12 00:14:48+00:00"
"light-oauth2-data-1723425283.tar","1723425283","2024-08-12 01:14:43+00:00"
"light-oauth2-data-1723428882.tar","1723428882","2024-08-12 02:14:42+00:00"
"light-oauth2-data-1723432482.tar","1723432482","2024-08-12 03:14:42+00:00"
"light-oauth2-data-1723436078.tar","1723436078","2024-08-12 04:14:38+00:00"
"light-oauth2-data-1723439681.tar","1723439681","2024-08-12 05:14:41+00:00"
"light-oauth2-data-1723443282.tar","1723443282","2024-08-12 06:14:42+00:00"
"light-oauth2-data-1723446877.tar","1723446877","2024-08-12 07:14:37+00:00"
"light-oauth2-data-1723450484.tar","1723450484","2024-08-12 08:14:44+00:00"
"light-oauth2-data-1723454080.tar","1723454080","2024-08-12 09:14:40+00:00"
"light-oauth2-data-1723457680.tar","1723457680","2024-08-12 10:14:40+00:00"
"light-oauth2-data-1723461279.tar","1723461279","2024-08-12 11:14:39+00:00"
"light-oauth2-data-1723464883.tar","1723464883","2024-08-12 12:14:43+00:00"
"light-oauth2-data-1723468481.tar","1723468481","2024-08-12 13:14:41+00:00"
"light-oauth2-data-1723472084.tar","1723472084","2024-08-12 14:14:44+00:00"
"light-oauth2-data-1723475677.tar","1723475677","2024-08-12 15:14:37+00:00"
"light-oauth2-data-1723479281.tar","1723479281","2024-08-12 16:14:41+00:00"
"light-oauth2-data-1723482882.tar","1723482882","2024-08-12 17:14:42+00:00"
"light-oauth2-data-1723486483.tar","1723486483","2024-08-12 18:14:43+00:00"
"light-oauth2-data-1723490079.tar","1723490079","2024-08-12 19:14:39+00:00"
"light-oauth2-data-1723493677.tar","1723493677","2024-08-12 20:14:37+00:00"
"light-oauth2-data-1723497286.tar","1723497286","2024-08-12 21:14:46+00:00"
"light-oauth2-data-1723500885.tar","1723500885","2024-08-12 22:14:45+00:00"
"light-oauth2-data-1723504482.tar","1723504482","2024-08-12 23:14:42+00:00"
"light-oauth2-data-1723508084.tar","1723508084","2024-08-13 00:14:44+00:00"
"light-oauth2-data-1723511683.tar","1723511683","2024-08-13 01:14:43+00:00"
"light-oauth2-data-1723515280.tar","1723515280","2024-08-13 02:14:40+00:00"
"light-oauth2-data-1723518880.tar","1723518880","2024-08-13 03:14:40+00:00"
"light-oauth2-data-1723522475.tar","1723522475","2024-08-13 04:14:35+00:00"
"light-oauth2-data-1723526076.tar","1723526076","2024-08-13 05:14:36+00:00"
"light-oauth2-data-1723529682.tar","1723529682","2024-08-13 06:14:42+00:00"
"light-oauth2-data-1723533283.tar","1723533283","2024-08-13 07:14:43+00:00"
"light-oauth2-data-1723536872.tar","1723536872","2024-08-13 08:14:32+00:00"
"light-oauth2-data-1723540480.tar","1723540480","2024-08-13 09:14:40+00:00"
"light-oauth2-data-1723544081.tar","1723544081","2024-08-13 10:14:41+00:00"
"light-oauth2-data-1723547684.tar","1723547684","2024-08-13 11:14:44+00:00"
"light-oauth2-data-1723551283.tar","1723551283","2024-08-13 12:14:43+00:00"
"light-oauth2-data-1723554882.tar","1723554882","2024-08-13 13:14:42+00:00"
"light-oauth2-data-1723558474.tar","1723558474","2024-08-13 14:14:34+00:00"
"light-oauth2-data-1723562073.tar","1723562073","2024-08-13 15:14:33+00:00"
"light-oauth2-data-1723565679.tar","1723565679","2024-08-13 16:14:39+00:00"
"light-oauth2-data-1723569284.tar","1723569284","2024-08-13 17:14:44+00:00"
"light-oauth2-data-1723572875.tar","1723572875","2024-08-13 18:14:35+00:00"
"light-oauth2-data-1723576473.tar","1723576473","2024-08-13 19:14:33+00:00"
"light-oauth2-data-1723580075.tar","1723580075","2024-08-13 20:14:35+00:00"
"light-oauth2-data-1723583686.tar","1723583686","2024-08-13 21:14:46+00:00"
"light-oauth2-data-1723587284.tar","1723587284","2024-08-13 22:14:44+00:00"
"light-oauth2-data-1723590882.tar","1723590882","2024-08-13 23:14:42+00:00"
"light-oauth2-data-1723594482.tar","1723594482","2024-08-14 00:14:42+00:00"
"light-oauth2-data-1723598086.tar","1723598086","2024-08-14 01:14:46+00:00"
"light-oauth2-data-1723601678.tar","1723601678","2024-08-14 02:14:38+00:00"
"light-oauth2-data-1723605274.tar","1723605274","2024-08-14 03:14:34+00:00"
"light-oauth2-data-1723608877.tar","1723608877","2024-08-14 04:14:37+00:00"
"light-oauth2-data-1723612490.tar","1723612490","2024-08-14 05:14:50+00:00"
"light-oauth2-data-1723616077.tar","1723616077","2024-08-14 06:14:37+00:00"
"light-oauth2-data-1723619685.tar","1723619685","2024-08-14 07:14:45+00:00"
"light-oauth2-data-1723623284.tar","1723623284","2024-08-14 08:14:44+00:00"
"light-oauth2-data-1723626885.tar","1723626885","2024-08-14 09:14:45+00:00"
"light-oauth2-data-1723630477.tar","1723630477","2024-08-14 10:14:37+00:00"
"light-oauth2-data-1723634076.tar","1723634076","2024-08-14 11:14:36+00:00"
"light-oauth2-data-1723637676.tar","1723637676","2024-08-14 12:14:36+00:00"
"light-oauth2-data-1723641274.tar","1723641274","2024-08-14 13:14:34+00:00"
"light-oauth2-data-1723644891.tar","1723644891","2024-08-14 14:14:51+00:00"
"light-oauth2-data-1723648491.tar","1723648491","2024-08-14 15:14:51+00:00"
"light-oauth2-data-1723652087.tar","1723652087","2024-08-14 16:14:47+00:00"
"light-oauth2-data-1723655686.tar","1723655686","2024-08-14 17:14:46+00:00"
"light-oauth2-data-1723659279.tar","1723659279","2024-08-14 18:14:39+00:00"
"light-oauth2-data-1723662882.tar","1723662882","2024-08-14 19:14:42+00:00"
"light-oauth2-data-1723666486.tar","1723666486","2024-08-14 20:14:46+00:00"
"light-oauth2-data-1723670090.tar","1723670090","2024-08-14 21:14:50+00:00"
"light-oauth2-data-1723673691.tar","1723673691","2024-08-14 22:14:51+00:00"
"light-oauth2-data-1723677277.tar","1723677277","2024-08-14 23:14:37+00:00"
"light-oauth2-data-1723680877.tar","1723680877","2024-08-15 00:14:37+00:00"
"light-oauth2-data-1723684481.tar","1723684481","2024-08-15 01:14:41+00:00"
"light-oauth2-data-1723688078.tar","1723688078","2024-08-15 02:14:38+00:00"
"light-oauth2-data-1723691676.tar","1723691676","2024-08-15 03:14:36+00:00"
"light-oauth2-data-1723695275.tar","1723695275","2024-08-15 04:14:35+00:00"
"light-oauth2-data-1723698875.tar","1723698875","2024-08-15 05:14:35+00:00"
"light-oauth2-data-1723702474.tar","1723702474","2024-08-15 06:14:34+00:00"
"light-oauth2-data-1723706076.tar","1723706076","2024-08-15 07:14:36+00:00"
"light-oauth2-data-1723709677.tar","1723709677","2024-08-15 08:14:37+00:00"
"light-oauth2-data-1723713273.tar","1723713273","2024-08-15 09:14:33+00:00"
"light-oauth2-data-1723716877.tar","1723716877","2024-08-15 10:14:37+00:00"
"light-oauth2-data-1723720480.tar","1723720480","2024-08-15 11:14:40+00:00"
"light-oauth2-data-1723724087.tar","1723724087","2024-08-15 12:14:47+00:00"
"light-oauth2-data-1723727677.tar","1723727677","2024-08-15 13:14:37+00:00"
"light-oauth2-data-1723731278.tar","1723731278","2024-08-15 14:14:38+00:00"
"light-oauth2-data-1723734881.tar","1723734881","2024-08-15 15:14:41+00:00"
"light-oauth2-data-1723738476.tar","1723738476","2024-08-15 16:14:36+00:00"
"light-oauth2-data-1723742077.tar","1723742077","2024-08-15 17:14:37+00:00"
"light-oauth2-data-1723745675.tar","1723745675","2024-08-15 18:14:35+00:00"
"light-oauth2-data-1723749277.tar","1723749277","2024-08-15 19:14:37+00:00"
"light-oauth2-data-1723752878.tar","1723752878","2024-08-15 20:14:38+00:00"
"light-oauth2-data-1723756477.tar","1723756477","2024-08-15 21:14:37+00:00"
"light-oauth2-data-1723760078.tar","1723760078","2024-08-15 22:14:38+00:00"
"light-oauth2-data-1723763672.tar","1723763672","2024-08-15 23:14:32+00:00"
"light-oauth2-data-1723767279.tar","1723767279","2024-08-16 00:14:39+00:00"
"light-oauth2-data-1723770882.tar","1723770882","2024-08-16 01:14:42+00:00"
"light-oauth2-data-1723774478.tar","1723774478","2024-08-16 02:14:38+00:00"
"light-oauth2-data-1723778076.tar","1723778076","2024-08-16 03:14:36+00:00"
"light-oauth2-data-1723781678.tar","1723781678","2024-08-16 04:14:38+00:00"
"light-oauth2-data-1723785276.tar","1723785276","2024-08-16 05:14:36+00:00"
"light-oauth2-data-1723788883.tar","1723788883","2024-08-16 06:14:43+00:00"
"light-oauth2-data-1723792480.tar","1723792480","2024-08-16 07:14:40+00:00"
"light-oauth2-data-1723796076.tar","1723796076","2024-08-16 08:14:36+00:00"
"light-oauth2-data-1723799678.tar","1723799678","2024-08-16 09:14:38+00:00"
"light-oauth2-data-1723803281.tar","1723803281","2024-08-16 10:14:41+00:00"
"light-oauth2-data-1723806877.tar","1723806877","2024-08-16 11:14:37+00:00"
"light-oauth2-data-1723810481.tar","1723810481","2024-08-16 12:14:41+00:00"
"light-oauth2-data-1723814076.tar","1723814076","2024-08-16 13:14:36+00:00"
"light-oauth2-data-1723817678.tar","1723817678","2024-08-16 14:14:38+00:00"
"light-oauth2-data-1723821277.tar","1723821277","2024-08-16 15:14:37+00:00"
"light-oauth2-data-1723824878.tar","1723824878","2024-08-16 16:14:38+00:00"
"light-oauth2-data-1723828486.tar","1723828486","2024-08-16 17:14:46+00:00"
"light-oauth2-data-1723832080.tar","1723832080","2024-08-16 18:14:40+00:00"
"light-oauth2-data-1723835683.tar","1723835683","2024-08-16 19:14:43+00:00"
"light-oauth2-data-1723839278.tar","1723839278","2024-08-16 20:14:38+00:00"
"light-oauth2-data-1723842897.tar","1723842897","2024-08-16 21:14:57+00:00"
"light-oauth2-data-1723846496.tar","1723846496","2024-08-16 22:14:56+00:00"
"light-oauth2-data-1723850090.tar","1723850090","2024-08-16 23:14:50+00:00"
"light-oauth2-data-1723853693.tar","1723853693","2024-08-17 00:14:53+00:00"
"light-oauth2-data-1723857296.tar","1723857296","2024-08-17 01:14:56+00:00"
"light-oauth2-data-1723860889.tar","1723860889","2024-08-17 02:14:49+00:00"
"light-oauth2-data-1723864496.tar","1723864496","2024-08-17 03:14:56+00:00"
"light-oauth2-data-1723868083.tar","1723868083","2024-08-17 04:14:43+00:00"
"light-oauth2-data-1723871682.tar","1723871682","2024-08-17 05:14:42+00:00"
"light-oauth2-data-1723875289.tar","1723875289","2024-08-17 06:14:49+00:00"
"light-oauth2-data-1723878894.tar","1723878894","2024-08-17 07:14:54+00:00"
"light-oauth2-data-1723882494.tar","1723882494","2024-08-17 08:14:54+00:00"
"light-oauth2-data-1723886081.tar","1723886081","2024-08-17 09:14:41+00:00"
"light-oauth2-data-1723889689.tar","1723889689","2024-08-17 10:14:49+00:00"
"light-oauth2-data-1723893286.tar","1723893286","2024-08-17 11:14:46+00:00"
"light-oauth2-data-1723896882.tar","1723896882","2024-08-17 12:14:42+00:00"
"light-oauth2-data-1723900480.tar","1723900480","2024-08-17 13:14:40+00:00"
"light-oauth2-data-1723904091.tar","1723904091","2024-08-17 14:14:51+00:00"
"light-oauth2-data-1723907679.tar","1723907679","2024-08-17 15:14:39+00:00"
"light-oauth2-data-1723911277.tar","1723911277","2024-08-17 16:14:37+00:00"
"light-oauth2-data-1723914878.tar","1723914878","2024-08-17 17:14:38+00:00"
"light-oauth2-data-1723918476.tar","1723918476","2024-08-17 18:14:36+00:00"
"light-oauth2-data-1723922087.tar","1723922087","2024-08-17 19:14:47+00:00"
"light-oauth2-data-1723925679.tar","1723925679","2024-08-17 20:14:39+00:00"
"light-oauth2-data-1723929294.tar","1723929294","2024-08-17 21:14:54+00:00"
"light-oauth2-data-1723932886.tar","1723932886","2024-08-17 22:14:46+00:00"
"light-oauth2-data-1723936492.tar","1723936492","2024-08-17 23:14:52+00:00"
"light-oauth2-data-1723940091.tar","1723940091","2024-08-18 00:14:51+00:00"
"light-oauth2-data-1723943697.tar","1723943697","2024-08-18 01:14:57+00:00"
"light-oauth2-data-1723947284.tar","1723947284","2024-08-18 02:14:44+00:00"
"light-oauth2-data-1723950881.tar","1723950881","2024-08-18 03:14:41+00:00"
"light-oauth2-data-1723954480.tar","1723954480","2024-08-18 04:14:40+00:00"
"light-oauth2-data-1723958082.tar","1723958082","2024-08-18 05:14:42+00:00"
"light-oauth2-data-1723961681.tar","1723961681","2024-08-18 06:14:41+00:00"
"light-oauth2-data-1723965277.tar","1723965277","2024-08-18 07:14:37+00:00"
"light-oauth2-data-1723968880.tar","1723968880","2024-08-18 08:14:40+00:00"
"light-oauth2-data-1723972482.tar","1723972482","2024-08-18 09:14:42+00:00"
"light-oauth2-data-1723976078.tar","1723976078","2024-08-18 10:14:38+00:00"
"light-oauth2-data-1723979680.tar","1723979680","2024-08-18 11:14:40+00:00"
"light-oauth2-data-1723983285.tar","1723983285","2024-08-18 12:14:45+00:00"
"light-oauth2-data-1723986883.tar","1723986883","2024-08-18 13:14:43+00:00"
"light-oauth2-data-1723990481.tar","1723990481","2024-08-18 14:14:41+00:00"
"light-oauth2-data-1723994078.tar","1723994078","2024-08-18 15:14:38+00:00"
"light-oauth2-data-1723997682.tar","1723997682","2024-08-18 16:14:42+00:00"
"light-oauth2-data-1724001284.tar","1724001284","2024-08-18 17:14:44+00:00"
"light-oauth2-data-1724004877.tar","1724004877","2024-08-18 18:14:37+00:00"
"light-oauth2-data-1724008482.tar","1724008482","2024-08-18 19:14:42+00:00"
"light-oauth2-data-1724012082.tar","1724012082","2024-08-18 20:14:42+00:00"
"light-oauth2-data-1724015695.tar","1724015695","2024-08-18 21:14:55+00:00"
"light-oauth2-data-1724019292.tar","1724019292","2024-08-18 22:14:52+00:00"
"light-oauth2-data-1724022879.tar","1724022879","2024-08-18 23:14:39+00:00"
"light-oauth2-data-1724026484.tar","1724026484","2024-08-19 00:14:44+00:00"
"light-oauth2-data-1724030086.tar","1724030086","2024-08-19 01:14:46+00:00"
"light-oauth2-data-1724033680.tar","1724033680","2024-08-19 02:14:40+00:00"
"light-oauth2-data-1724037277.tar","1724037277","2024-08-19 03:14:37+00:00"
"light-oauth2-data-1724040880.tar","1724040880","2024-08-19 04:14:40+00:00"
"light-oauth2-data-1724044481.tar","1724044481","2024-08-19 05:14:41+00:00"
"light-oauth2-data-1724048082.tar","1724048082","2024-08-19 06:14:42+00:00"
"light-oauth2-data-1724051681.tar","1724051681","2024-08-19 07:14:41+00:00"
"light-oauth2-data-1724055280.tar","1724055280","2024-08-19 08:14:40+00:00"
"light-oauth2-data-1724058878.tar","1724058878","2024-08-19 09:14:38+00:00"
"light-oauth2-data-1724062480.tar","1724062480","2024-08-19 10:14:40+00:00"
"light-oauth2-data-1724066078.tar","1724066078","2024-08-19 11:14:38+00:00"
"light-oauth2-data-1724069681.tar","1724069681","2024-08-19 12:14:41+00:00"
"light-oauth2-data-1724073284.tar","1724073284","2024-08-19 13:14:44+00:00"
"light-oauth2-data-1724076879.tar","1724076879","2024-08-19 14:14:39+00:00"
"light-oauth2-data-1724080479.tar","1724080479","2024-08-19 15:14:39+00:00"
"light-oauth2-data-1724084079.tar","1724084079","2024-08-19 16:14:39+00:00"
"light-oauth2-data-1724087689.tar","1724087689","2024-08-19 17:14:49+00:00"
"light-oauth2-data-1724091281.tar","1724091281","2024-08-19 18:14:41+00:00"
"light-oauth2-data-1724094881.tar","1724094881","2024-08-19 19:14:41+00:00"
"light-oauth2-data-1724098480.tar","1724098480","2024-08-19 20:14:40+00:00"
"light-oauth2-data-1724102094.tar","1724102094","2024-08-19 21:14:54+00:00"
"light-oauth2-data-1724105691.tar","1724105691","2024-08-19 22:14:51+00:00"
"light-oauth2-data-1724109283.tar","1724109283","2024-08-19 23:14:43+00:00"
"light-oauth2-data-1724112884.tar","1724112884","2024-08-20 00:14:44+00:00"
"light-oauth2-data-1724116480.tar","1724116480","2024-08-20 01:14:40+00:00"
"light-oauth2-data-1724120080.tar","1724120080","2024-08-20 02:14:40+00:00"
"light-oauth2-data-1724123681.tar","1724123681","2024-08-20 03:14:41+00:00"
"light-oauth2-data-1724127271.tar","1724127271","2024-08-20 04:14:31+00:00"
"light-oauth2-data-1724130879.tar","1724130879","2024-08-20 05:14:39+00:00"
"light-oauth2-data-1724134482.tar","1724134482","2024-08-20 06:14:42+00:00"
"light-oauth2-data-1724138086.tar","1724138086","2024-08-20 07:14:46+00:00"
"light-oauth2-data-1724141682.tar","1724141682","2024-08-20 08:14:42+00:00"
"light-oauth2-data-1724145281.tar","1724145281","2024-08-20 09:14:41+00:00"
"light-oauth2-data-1724148880.tar","1724148880","2024-08-20 10:14:40+00:00"
"light-oauth2-data-1724152481.tar","1724152481","2024-08-20 11:14:41+00:00"
"light-oauth2-data-1724156081.tar","1724156081","2024-08-20 12:14:41+00:00"
"light-oauth2-data-1724159677.tar","1724159677","2024-08-20 13:14:37+00:00"
"light-oauth2-data-1724163278.tar","1724163278","2024-08-20 14:14:38+00:00"
"light-oauth2-data-1724166890.tar","1724166890","2024-08-20 15:14:50+00:00"
"light-oauth2-data-1724170479.tar","1724170479","2024-08-20 16:14:39+00:00"
"light-oauth2-data-1724174078.tar","1724174078","2024-08-20 17:14:38+00:00"
"light-oauth2-data-1724177678.tar","1724177678","2024-08-20 18:14:38+00:00"
"light-oauth2-data-1724181276.tar","1724181276","2024-08-20 19:14:36+00:00"
"light-oauth2-data-1724184877.tar","1724184877","2024-08-20 20:14:37+00:00"
"light-oauth2-data-1724188482.tar","1724188482","2024-08-20 21:14:42+00:00"
"light-oauth2-data-1724192088.tar","1724192088","2024-08-20 22:14:48+00:00"
"light-oauth2-data-1724195680.tar","1724195680","2024-08-20 23:14:40+00:00"
"light-oauth2-data-1724199279.tar","1724199279","2024-08-21 00:14:39+00:00"
"light-oauth2-data-1724202880.tar","1724202880","2024-08-21 01:14:40+00:00"
"light-oauth2-data-1724206480.tar","1724206480","2024-08-21 02:14:40+00:00"
"light-oauth2-data-1724210077.tar","1724210077","2024-08-21 03:14:37+00:00"
"light-oauth2-data-1724213677.tar","1724213677","2024-08-21 04:14:37+00:00"
"light-oauth2-data-1724217279.tar","1724217279","2024-08-21 05:14:39+00:00"
"light-oauth2-data-1724220878.tar","1724220878","2024-08-21 06:14:38+00:00"
"light-oauth2-data-1724224481.tar","1724224481","2024-08-21 07:14:41+00:00"
"light-oauth2-data-1724228080.tar","1724228080","2024-08-21 08:14:40+00:00"
"light-oauth2-data-1724231679.tar","1724231679","2024-08-21 09:14:39+00:00"
"light-oauth2-data-1724235279.tar","1724235279","2024-08-21 10:14:39+00:00"
"light-oauth2-data-1724238882.tar","1724238882","2024-08-21 11:14:42+00:00"
"light-oauth2-data-1724242480.tar","1724242480","2024-08-21 12:14:40+00:00"
"light-oauth2-data-1724246080.tar","1724246080","2024-08-21 13:14:40+00:00"
"light-oauth2-data-1724249678.tar","1724249678","2024-08-21 14:14:38+00:00"
"light-oauth2-data-1724253279.tar","1724253279","2024-08-21 15:14:39+00:00"
"light-oauth2-data-1724256882.tar","1724256882","2024-08-21 16:14:42+00:00"
"light-oauth2-data-1724260483.tar","1724260483","2024-08-21 17:14:43+00:00"
"light-oauth2-data-1724264081.tar","1724264081","2024-08-21 18:14:41+00:00"
"light-oauth2-data-1724267684.tar","1724267684","2024-08-21 19:14:44+00:00"
"light-oauth2-data-1724271280.tar","1724271280","2024-08-21 20:14:40+00:00"
"light-oauth2-data-1724274888.tar","1724274888","2024-08-21 21:14:48+00:00"
"light-oauth2-data-1724278493.tar","1724278493","2024-08-21 22:14:53+00:00"
"light-oauth2-data-1724282083.tar","1724282083","2024-08-21 23:14:43+00:00"
"light-oauth2-data-1724285681.tar","1724285681","2024-08-22 00:14:41+00:00"
"light-oauth2-data-1724289279.tar","1724289279","2024-08-22 01:14:39+00:00"
"light-oauth2-data-1724292882.tar","1724292882","2024-08-22 02:14:42+00:00"
"light-oauth2-data-1724296478.tar","1724296478","2024-08-22 03:14:38+00:00"
"light-oauth2-data-1724300077.tar","1724300077","2024-08-22 04:14:37+00:00"
"light-oauth2-data-1724303680.tar","1724303680","2024-08-22 05:14:40+00:00"
"light-oauth2-data-1724307282.tar","1724307282","2024-08-22 06:14:42+00:00"
"light-oauth2-data-1724310880.tar","1724310880","2024-08-22 07:14:40+00:00"
"light-oauth2-data-1724314478.tar","1724314478","2024-08-22 08:14:38+00:00"
"light-oauth2-data-1724318085.tar","1724318085","2024-08-22 09:14:45+00:00"
"light-oauth2-data-1724321681.tar","1724321681","2024-08-22 10:14:41+00:00"
"light-oauth2-data-1724325284.tar","1724325284","2024-08-22 11:14:44+00:00"
"light-oauth2-data-1724328883.tar","1724328883","2024-08-22 12:14:43+00:00"
"light-oauth2-data-1724332481.tar","1724332481","2024-08-22 13:14:41+00:00"
"light-oauth2-data-1724336081.tar","1724336081","2024-08-22 14:14:41+00:00"
"light-oauth2-data-1724339680.tar","1724339680","2024-08-22 15:14:40+00:00"
"light-oauth2-data-1724343282.tar","1724343282","2024-08-22 16:14:42+00:00"
"light-oauth2-data-1724346885.tar","1724346885","2024-08-22 17:14:45+00:00"
"light-oauth2-data-1724350477.tar","1724350477","2024-08-22 18:14:37+00:00"
"light-oauth2-data-1724354081.tar","1724354081","2024-08-22 19:14:41+00:00"
"light-oauth2-data-1724357682.tar","1724357682","2024-08-22 20:14:42+00:00"
"light-oauth2-data-1724361289.tar","1724361289","2024-08-22 21:14:49+00:00"
"light-oauth2-data-1724364889.tar","1724364889","2024-08-22 22:14:49+00:00"
"light-oauth2-data-1724368484.tar","1724368484","2024-08-22 23:14:44+00:00"
"light-oauth2-data-1724372083.tar","1724372083","2024-08-23 00:14:43+00:00"
"light-oauth2-data-1724375679.tar","1724375679","2024-08-23 01:14:39+00:00"
"light-oauth2-data-1724379281.tar","1724379281","2024-08-23 02:14:41+00:00"
"light-oauth2-data-1724382876.tar","1724382876","2024-08-23 03:14:36+00:00"
"light-oauth2-data-1724386478.tar","1724386478","2024-08-23 04:14:38+00:00"
"light-oauth2-data-1724390080.tar","1724390080","2024-08-23 05:14:40+00:00"
"light-oauth2-data-1724393680.tar","1724393680","2024-08-23 06:14:40+00:00"
"light-oauth2-data-1724397283.tar","1724397283","2024-08-23 07:14:43+00:00"
"light-oauth2-data-1724400887.tar","1724400887","2024-08-23 08:14:47+00:00"
"light-oauth2-data-1724404482.tar","1724404482","2024-08-23 09:14:42+00:00"
"light-oauth2-data-1724408093.tar","1724408093","2024-08-23 10:14:53+00:00"
"light-oauth2-data-1724411684.tar","1724411684","2024-08-23 11:14:44+00:00"
"light-oauth2-data-1724415279.tar","1724415279","2024-08-23 12:14:39+00:00"
"light-oauth2-data-1724418877.tar","1724418877","2024-08-23 13:14:37+00:00"
"light-oauth2-data-1724422482.tar","1724422482","2024-08-23 14:14:42+00:00"
"light-oauth2-data-1724426079.tar","1724426079","2024-08-23 15:14:39+00:00"
"light-oauth2-data-1724429679.tar","1724429679","2024-08-23 16:14:39+00:00"
"light-oauth2-data-1724433278.tar","1724433278","2024-08-23 17:14:38+00:00"
"light-oauth2-data-1724436880.tar","1724436880","2024-08-23 18:14:40+00:00"
"light-oauth2-data-1724440481.tar","1724440481","2024-08-23 19:14:41+00:00"
"light-oauth2-data-1724444078.tar","1724444078","2024-08-23 20:14:38+00:00"
"light-oauth2-data-1724447701.tar","1724447701","2024-08-23 21:15:01+00:00"
"light-oauth2-data-1724451293.tar","1724451293","2024-08-23 22:14:53+00:00"
"light-oauth2-data-1724454874.tar","1724454874","2024-08-23 23:14:34+00:00"
"light-oauth2-data-1724458487.tar","1724458487","2024-08-24 00:14:47+00:00"
"light-oauth2-data-1724462088.tar","1724462088","2024-08-24 01:14:48+00:00"
"light-oauth2-data-1724465695.tar","1724465695","2024-08-24 02:14:55+00:00"
"light-oauth2-data-1724469291.tar","1724469291","2024-08-24 03:14:51+00:00"
"light-oauth2-data-1724472886.tar","1724472886","2024-08-24 04:14:46+00:00"
"light-oauth2-data-1724476484.tar","1724476484","2024-08-24 05:14:44+00:00"
"light-oauth2-data-1724480084.tar","1724480084","2024-08-24 06:14:44+00:00"
"light-oauth2-data-1724483685.tar","1724483685","2024-08-24 07:14:45+00:00"
"light-oauth2-data-1724487288.tar","1724487288","2024-08-24 08:14:48+00:00"
"light-oauth2-data-1724490881.tar","1724490881","2024-08-24 09:14:41+00:00"
"light-oauth2-data-1724494483.tar","1724494483","2024-08-24 10:14:43+00:00"
"light-oauth2-data-1724498078.tar","1724498078","2024-08-24 11:14:38+00:00"
"light-oauth2-data-1724501678.tar","1724501678","2024-08-24 12:14:38+00:00"
"light-oauth2-data-1724505281.tar","1724505281","2024-08-24 13:14:41+00:00"
"light-oauth2-data-1724508880.tar","1724508880","2024-08-24 14:14:40+00:00"
"light-oauth2-data-1724512478.tar","1724512478","2024-08-24 15:14:38+00:00"
"light-oauth2-data-1724516079.tar","1724516079","2024-08-24 16:14:39+00:00"
"light-oauth2-data-1724519681.tar","1724519681","2024-08-24 17:14:41+00:00"
"light-oauth2-data-1724523272.tar","1724523272","2024-08-24 18:14:32+00:00"
"light-oauth2-data-1724526880.tar","1724526880","2024-08-24 19:14:40+00:00"
"light-oauth2-data-1724530481.tar","1724530481","2024-08-24 20:14:41+00:00"
"light-oauth2-data-1724534087.tar","1724534087","2024-08-24 21:14:47+00:00"
"light-oauth2-data-1724537692.tar","1724537692","2024-08-24 22:14:52+00:00"
"light-oauth2-data-1724541298.tar","1724541298","2024-08-24 23:14:58+00:00"
"light-oauth2-data-1724544888.tar","1724544888","2024-08-25 00:14:48+00:00"
"light-oauth2-data-1724548483.tar","1724548483","2024-08-25 01:14:43+00:00"
"light-oauth2-data-1724552083.tar","1724552083","2024-08-25 02:14:43+00:00"
"light-oauth2-data-1724555684.tar","1724555684","2024-08-25 03:14:44+00:00"
"light-oauth2-data-1724559278.tar","1724559278","2024-08-25 04:14:38+00:00"
"light-oauth2-data-1724562880.tar","1724562880","2024-08-25 05:14:40+00:00"
"light-oauth2-data-1724566482.tar","1724566482","2024-08-25 06:14:42+00:00"
"light-oauth2-data-1724570081.tar","1724570081","2024-08-25 07:14:41+00:00"
"light-oauth2-data-1724573680.tar","1724573680","2024-08-25 08:14:40+00:00"
"light-oauth2-data-1724577280.tar","1724577280","2024-08-25 09:14:40+00:00"
"light-oauth2-data-1724580880.tar","1724580880","2024-08-25 10:14:40+00:00"
"light-oauth2-data-1724584474.tar","1724584474","2024-08-25 11:14:34+00:00"
"light-oauth2-data-1724588078.tar","1724588078","2024-08-25 12:14:38+00:00"
"light-oauth2-data-1724591679.tar","1724591679","2024-08-25 13:14:39+00:00"
"light-oauth2-data-1724595282.tar","1724595282","2024-08-25 14:14:42+00:00"
"light-oauth2-data-1724598879.tar","1724598879","2024-08-25 15:14:39+00:00"
"light-oauth2-data-1724602481.tar","1724602481","2024-08-25 16:14:41+00:00"
"light-oauth2-data-1724606077.tar","1724606077","2024-08-25 17:14:37+00:00"
"light-oauth2-data-1724609684.tar","1724609684","2024-08-25 18:14:44+00:00"
"light-oauth2-data-1724613278.tar","1724613278","2024-08-25 19:14:38+00:00"
"light-oauth2-data-1724616883.tar","1724616883","2024-08-25 20:14:43+00:00"
"light-oauth2-data-1724620498.tar","1724620498","2024-08-25 21:14:58+00:00"
"light-oauth2-data-1724624091.tar","1724624091","2024-08-25 22:14:51+00:00"
"light-oauth2-data-1724627683.tar","1724627683","2024-08-25 23:14:43+00:00"
"light-oauth2-data-1724631286.tar","1724631286","2024-08-26 00:14:46+00:00"
"light-oauth2-data-1724634884.tar","1724634884","2024-08-26 01:14:44+00:00"
"light-oauth2-data-1724638480.tar","1724638480","2024-08-26 02:14:40+00:00"
"light-oauth2-data-1724642080.tar","1724642080","2024-08-26 03:14:40+00:00"
"light-oauth2-data-1724645679.tar","1724645679","2024-08-26 04:14:39+00:00"
"light-oauth2-data-1724649282.tar","1724649282","2024-08-26 05:14:42+00:00"
"light-oauth2-data-1724652889.tar","1724652889","2024-08-26 06:14:49+00:00"
"light-oauth2-data-1724656484.tar","1724656484","2024-08-26 07:14:44+00:00"
"light-oauth2-data-1724660086.tar","1724660086","2024-08-26 08:14:46+00:00"
"light-oauth2-data-1724663684.tar","1724663684","2024-08-26 09:14:44+00:00"
"light-oauth2-data-1724667279.tar","1724667279","2024-08-26 10:14:39+00:00"
"light-oauth2-data-1724670882.tar","1724670882","2024-08-26 11:14:42+00:00"
"light-oauth2-data-1724674483.tar","1724674483","2024-08-26 12:14:43+00:00"
"light-oauth2-data-1724678080.tar","1724678080","2024-08-26 13:14:40+00:00"
"light-oauth2-data-1724681685.tar","1724681685","2024-08-26 14:14:45+00:00"
"light-oauth2-data-1724685278.tar","1724685278","2024-08-26 15:14:38+00:00"
"light-oauth2-data-1724688880.tar","1724688880","2024-08-26 16:14:40+00:00"
"light-oauth2-data-1724692483.tar","1724692483","2024-08-26 17:14:43+00:00"
"light-oauth2-data-1724696081.tar","1724696081","2024-08-26 18:14:41+00:00"
"light-oauth2-data-1724699679.tar","1724699679","2024-08-26 19:14:39+00:00"
"light-oauth2-data-1724703283.tar","1724703283","2024-08-26 20:14:43+00:00"
"light-oauth2-data-1724706895.tar","1724706895","2024-08-26 21:14:55+00:00"
"light-oauth2-data-1724710493.tar","1724710493","2024-08-26 22:14:53+00:00"
"light-oauth2-data-1724714083.tar","1724714083","2024-08-26 23:14:43+00:00"
"light-oauth2-data-1724717679.tar","1724717679","2024-08-27 00:14:39+00:00"
"light-oauth2-data-1724721283.tar","1724721283","2024-08-27 01:14:43+00:00"
"light-oauth2-data-1724724884.tar","1724724884","2024-08-27 02:14:44+00:00"
"light-oauth2-data-1724728481.tar","1724728481","2024-08-27 03:14:41+00:00"
"light-oauth2-data-1724732079.tar","1724732079","2024-08-27 04:14:39+00:00"
"light-oauth2-data-1724735685.tar","1724735685","2024-08-27 05:14:45+00:00"
"light-oauth2-data-1724739286.tar","1724739286","2024-08-27 06:14:46+00:00"
"light-oauth2-data-1724742886.tar","1724742886","2024-08-27 07:14:46+00:00"
"light-oauth2-data-1724746486.tar","1724746486","2024-08-27 08:14:46+00:00"
"light-oauth2-data-1724750085.tar","1724750085","2024-08-27 09:14:45+00:00"
"light-oauth2-data-1724753704.tar","1724753704","2024-08-27 10:15:04+00:00"
"light-oauth2-data-1724757286.tar","1724757286","2024-08-27 11:14:46+00:00"
"light-oauth2-data-1724760883.tar","1724760883","2024-08-27 12:14:43+00:00"
"light-oauth2-data-1724764483.tar","1724764483","2024-08-27 13:14:43+00:00"
"light-oauth2-data-1724768083.tar","1724768083","2024-08-27 14:14:43+00:00"
"light-oauth2-data-1724771680.tar","1724771680","2024-08-27 15:14:40+00:00"
"light-oauth2-data-1724775280.tar","1724775280","2024-08-27 16:14:40+00:00"
"light-oauth2-data-1724778883.tar","1724778883","2024-08-27 17:14:43+00:00"
"light-oauth2-data-1724782476.tar","1724782476","2024-08-27 18:14:36+00:00"
"light-oauth2-data-1724786086.tar","1724786086","2024-08-27 19:14:46+00:00"
"light-oauth2-data-1724789684.tar","1724789684","2024-08-27 20:14:44+00:00"
"light-oauth2-data-1724793286.tar","1724793286","2024-08-27 21:14:46+00:00"
"light-oauth2-data-1724796894.tar","1724796894","2024-08-27 22:14:54+00:00"
"light-oauth2-data-1724800486.tar","1724800486","2024-08-27 23:14:46+00:00"
"light-oauth2-data-1724804087.tar","1724804087","2024-08-28 00:14:47+00:00"
"light-oauth2-data-1724807681.tar","1724807681","2024-08-28 01:14:41+00:00"
"light-oauth2-data-1724811282.tar","1724811282","2024-08-28 02:14:42+00:00"
"light-oauth2-data-1724814879.tar","1724814879","2024-08-28 03:14:39+00:00"
"light-oauth2-data-1724818482.tar","1724818482","2024-08-28 04:14:42+00:00"
"light-oauth2-data-1724822079.tar","1724822079","2024-08-28 05:14:39+00:00"
"light-oauth2-data-1724825684.tar","1724825684","2024-08-28 06:14:44+00:00"
"light-oauth2-data-1724829284.tar","1724829284","2024-08-28 07:14:44+00:00"
"light-oauth2-data-1724832882.tar","1724832882","2024-08-28 08:14:42+00:00"
"light-oauth2-data-1724836485.tar","1724836485","2024-08-28 09:14:45+00:00"
"light-oauth2-data-1724840084.tar","1724840084","2024-08-28 10:14:44+00:00"
"light-oauth2-data-1724843685.tar","1724843685","2024-08-28 11:14:45+00:00"
"light-oauth2-data-1724847286.tar","1724847286","2024-08-28 12:14:46+00:00"
"light-oauth2-data-1724850880.tar","1724850880","2024-08-28 13:14:40+00:00"
"light-oauth2-data-1724854481.tar","1724854481","2024-08-28 14:14:41+00:00"
"light-oauth2-data-1724858081.tar","1724858081","2024-08-28 15:14:41+00:00"
"light-oauth2-data-1724861684.tar","1724861684","2024-08-28 16:14:44+00:00"
"light-oauth2-data-1724865282.tar","1724865282","2024-08-28 17:14:42+00:00"
"light-oauth2-data-1724868881.tar","1724868881","2024-08-28 18:14:41+00:00"
"light-oauth2-data-1724872481.tar","1724872481","2024-08-28 19:14:41+00:00"
"light-oauth2-data-1724876083.tar","1724876083","2024-08-28 20:14:43+00:00"
"light-oauth2-data-1724879698.tar","1724879698","2024-08-28 21:14:58+00:00"
"light-oauth2-data-1724883293.tar","1724883293","2024-08-28 22:14:53+00:00"
"light-oauth2-data-1724886888.tar","1724886888","2024-08-28 23:14:48+00:00"
"light-oauth2-data-1724890485.tar","1724890485","2024-08-29 00:14:45+00:00"
"light-oauth2-data-1724894081.tar","1724894081","2024-08-29 01:14:41+00:00"
"light-oauth2-data-1724897690.tar","1724897690","2024-08-29 02:14:50+00:00"
"light-oauth2-data-1724901281.tar","1724901281","2024-08-29 03:14:41+00:00"
"light-oauth2-data-1724904881.tar","1724904881","2024-08-29 04:14:41+00:00"
"light-oauth2-data-1724908480.tar","1724908480","2024-08-29 05:14:40+00:00"
"light-oauth2-data-1724912085.tar","1724912085","2024-08-29 06:14:45+00:00"
"light-oauth2-data-1724915682.tar","1724915682","2024-08-29 07:14:42+00:00"
"light-oauth2-data-1724919283.tar","1724919283","2024-08-29 08:14:43+00:00"
"light-oauth2-data-1724922881.tar","1724922881","2024-08-29 09:14:41+00:00"
"light-oauth2-data-1724926484.tar","1724926484","2024-08-29 10:14:44+00:00"
"light-oauth2-data-1724930081.tar","1724930081","2024-08-29 11:14:41+00:00"
"light-oauth2-data-1724933681.tar","1724933681","2024-08-29 12:14:41+00:00"
"light-oauth2-data-1724937282.tar","1724937282","2024-08-29 13:14:42+00:00"
"light-oauth2-data-1724940879.tar","1724940879","2024-08-29 14:14:39+00:00"
"light-oauth2-data-1724944480.tar","1724944480","2024-08-29 15:14:40+00:00"
"light-oauth2-data-1724948080.tar","1724948080","2024-08-29 16:14:40+00:00"
"light-oauth2-data-1724951682.tar","1724951682","2024-08-29 17:14:42+00:00"
"light-oauth2-data-1724955279.tar","1724955279","2024-08-29 18:14:39+00:00"
"light-oauth2-data-1724958879.tar","1724958879","2024-08-29 19:14:39+00:00"
"light-oauth2-data-1724962477.tar","1724962477","2024-08-29 20:14:37+00:00"
"light-oauth2-data-1724966091.tar","1724966091","2024-08-29 21:14:51+00:00"
"light-oauth2-data-1724969688.tar","1724969688","2024-08-29 22:14:48+00:00"
"light-oauth2-data-1724973282.tar","1724973282","2024-08-29 23:14:42+00:00"
"light-oauth2-data-1724976875.tar","1724976875","2024-08-30 00:14:35+00:00"
"light-oauth2-data-1724980480.tar","1724980480","2024-08-30 01:14:40+00:00"
"light-oauth2-data-1724984078.tar","1724984078","2024-08-30 02:14:38+00:00"
"light-oauth2-data-1724987678.tar","1724987678","2024-08-30 03:14:38+00:00"
"light-oauth2-data-1724991274.tar","1724991274","2024-08-30 04:14:34+00:00"
"light-oauth2-data-1724994880.tar","1724994880","2024-08-30 05:14:40+00:00"
"light-oauth2-data-1724998477.tar","1724998477","2024-08-30 06:14:37+00:00"
"light-oauth2-data-1725002078.tar","1725002078","2024-08-30 07:14:38+00:00"
"light-oauth2-data-1725005676.tar","1725005676","2024-08-30 08:14:36+00:00"
"light-oauth2-data-1725009280.tar","1725009280","2024-08-30 09:14:40+00:00"
"light-oauth2-data-1725012882.tar","1725012882","2024-08-30 10:14:42+00:00"
"light-oauth2-data-1725016480.tar","1725016480","2024-08-30 11:14:40+00:00"
"light-oauth2-data-1725020079.tar","1725020079","2024-08-30 12:14:39+00:00"
"light-oauth2-data-1725023678.tar","1725023678","2024-08-30 13:14:38+00:00"
"light-oauth2-data-1725027278.tar","1725027278","2024-08-30 14:14:38+00:00"
"light-oauth2-data-1725030879.tar","1725030879","2024-08-30 15:14:39+00:00"
"light-oauth2-data-1725034483.tar","1725034483","2024-08-30 16:14:43+00:00"
"light-oauth2-data-1725038082.tar","1725038082","2024-08-30 17:14:42+00:00"
"light-oauth2-data-1725041677.tar","1725041677","2024-08-30 18:14:37+00:00"
"light-oauth2-data-1725045277.tar","1725045277","2024-08-30 19:14:37+00:00"
"light-oauth2-data-1725048876.tar","1725048876","2024-08-30 20:14:36+00:00"
"light-oauth2-data-1725052496.tar","1725052496","2024-08-30 21:14:56+00:00"
"light-oauth2-data-1725056094.tar","1725056094","2024-08-30 22:14:54+00:00"
"light-oauth2-data-1725059677.tar","1725059677","2024-08-30 23:14:37+00:00"
"light-oauth2-data-1725063283.tar","1725063283","2024-08-31 00:14:43+00:00"
"light-oauth2-data-1725066891.tar","1725066891","2024-08-31 01:14:51+00:00"
"light-oauth2-data-1725070484.tar","1725070484","2024-08-31 02:14:44+00:00"
"light-oauth2-data-1725074087.tar","1725074087","2024-08-31 03:14:47+00:00"
"light-oauth2-data-1725077675.tar","1725077675","2024-08-31 04:14:35+00:00"
"light-oauth2-data-1725081280.tar","1725081280","2024-08-31 05:14:40+00:00"
"light-oauth2-data-1725084881.tar","1725084881","2024-08-31 06:14:41+00:00"
"light-oauth2-data-1725088482.tar","1725088482","2024-08-31 07:14:42+00:00"
"light-oauth2-data-1725092084.tar","1725092084","2024-08-31 08:14:44+00:00"
"light-oauth2-data-1725095680.tar","1725095680","2024-08-31 09:14:40+00:00"
"light-oauth2-data-1725099279.tar","1725099279","2024-08-31 10:14:39+00:00"
"light-oauth2-data-1725102874.tar","1725102874","2024-08-31 11:14:34+00:00"
"light-oauth2-data-1725106474.tar","1725106474","2024-08-31 12:14:34+00:00"
"light-oauth2-data-1725110066.tar","1725110066","2024-08-31 13:14:26+00:00"
"light-oauth2-data-1725113690.tar","1725113690","2024-08-31 14:14:50+00:00"
"light-oauth2-data-1725117276.tar","1725117276","2024-08-31 15:14:36+00:00"
"light-oauth2-data-1725120879.tar","1725120879","2024-08-31 16:14:39+00:00"
"light-oauth2-data-1725124478.tar","1725124478","2024-08-31 17:14:38+00:00"
"light-oauth2-data-1725128080.tar","1725128080","2024-08-31 18:14:40+00:00"
"light-oauth2-data-1725131677.tar","1725131677","2024-08-31 19:14:37+00:00"
"light-oauth2-data-1725135277.tar","1725135277","2024-08-31 20:14:37+00:00"
"light-oauth2-data-1725138889.tar","1725138889","2024-08-31 21:14:49+00:00"
"light-oauth2-data-1725142489.tar","1725142489","2024-08-31 22:14:49+00:00"
"light-oauth2-data-1725146084.tar","1725146084","2024-08-31 23:14:44+00:00"
"light-oauth2-data-1725149683.tar","1725149683","2024-09-01 00:14:43+00:00"
"light-oauth2-data-1725153278.tar","1725153278","2024-09-01 01:14:38+00:00"
"light-oauth2-data-1725156882.tar","1725156882","2024-09-01 02:14:42+00:00"
"light-oauth2-data-1725160478.tar","1725160478","2024-09-01 03:14:38+00:00"
"light-oauth2-data-1725164073.tar","1725164073","2024-09-01 04:14:33+00:00"
"light-oauth2-data-1725167667.tar","1725167667","2024-09-01 05:14:27+00:00"
"light-oauth2-data-1725171274.tar","1725171274","2024-09-01 06:14:34+00:00"
"light-oauth2-data-1725174878.tar","1725174878","2024-09-01 07:14:38+00:00"
"light-oauth2-data-1725178477.tar","1725178477","2024-09-01 08:14:37+00:00"
"light-oauth2-data-1725182071.tar","1725182071","2024-09-01 09:14:31+00:00"
"light-oauth2-data-1725185674.tar","1725185674","2024-09-01 10:14:34+00:00"
"light-oauth2-data-1725189271.tar","1725189271","2024-09-01 11:14:31+00:00"
"light-oauth2-data-1725192875.tar","1725192875","2024-09-01 12:14:35+00:00"
"light-oauth2-data-1725196476.tar","1725196476","2024-09-01 13:14:36+00:00"
"light-oauth2-data-1725200077.tar","1725200077","2024-09-01 14:14:37+00:00"
"light-oauth2-data-1725203674.tar","1725203674","2024-09-01 15:14:34+00:00"
"light-oauth2-data-1725207278.tar","1725207278","2024-09-01 16:14:38+00:00"
"light-oauth2-data-1725210876.tar","1725210876","2024-09-01 17:14:36+00:00"
"light-oauth2-data-1725214477.tar","1725214477","2024-09-01 18:14:37+00:00"
"light-oauth2-data-1725218075.tar","1725218075","2024-09-01 19:14:35+00:00"
"light-oauth2-data-1725221675.tar","1725221675","2024-09-01 20:14:35+00:00"
"light-oauth2-data-1725225279.tar","1725225279","2024-09-01 21:14:39+00:00"
"light-oauth2-data-1725228880.tar","1725228880","2024-09-01 22:14:40+00:00"
"light-oauth2-data-1725232475.tar","1725232475","2024-09-01 23:14:35+00:00"
"light-oauth2-data-1725236077.tar","1725236077","2024-09-02 00:14:37+00:00"
"light-oauth2-data-1725239673.tar","1725239673","2024-09-02 01:14:33+00:00"
"light-oauth2-data-1725243273.tar","1725243273","2024-09-02 02:14:33+00:00"
"light-oauth2-data-1725246873.tar","1725246873","2024-09-02 03:14:33+00:00"
"light-oauth2-data-1725250477.tar","1725250477","2024-09-02 04:14:37+00:00"
"light-oauth2-data-1725254074.tar","1725254074","2024-09-02 05:14:34+00:00"
"light-oauth2-data-1725257677.tar","1725257677","2024-09-02 06:14:37+00:00"
"light-oauth2-data-1725261278.tar","1725261278","2024-09-02 07:14:38+00:00"
"light-oauth2-data-1725264880.tar","1725264880","2024-09-02 08:14:40+00:00"
"light-oauth2-data-1725268475.tar","1725268475","2024-09-02 09:14:35+00:00"
"light-oauth2-data-1725272072.tar","1725272072","2024-09-02 10:14:32+00:00"
"light-oauth2-data-1725275679.tar","1725275679","2024-09-02 11:14:39+00:00"
"light-oauth2-data-1725279279.tar","1725279279","2024-09-02 12:14:39+00:00"
"light-oauth2-data-1725282876.tar","1725282876","2024-09-02 13:14:36+00:00"
"light-oauth2-data-1725286476.tar","1725286476","2024-09-02 14:14:36+00:00"
"light-oauth2-data-1725290075.tar","1725290075","2024-09-02 15:14:35+00:00"
"light-oauth2-data-1725293677.tar","1725293677","2024-09-02 16:14:37+00:00"
"light-oauth2-data-1725297283.tar","1725297283","2024-09-02 17:14:43+00:00"
"light-oauth2-data-1725300876.tar","1725300876","2024-09-02 18:14:36+00:00"
"light-oauth2-data-1725304478.tar","1725304478","2024-09-02 19:14:38+00:00"
"light-oauth2-data-1725308075.tar","1725308075","2024-09-02 20:14:35+00:00"
"light-oauth2-data-1725311681.tar","1725311681","2024-09-02 21:14:41+00:00"
"light-oauth2-data-1725315280.tar","1725315280","2024-09-02 22:14:40+00:00"
"light-oauth2-data-1725318877.tar","1725318877","2024-09-02 23:14:37+00:00"
"light-oauth2-data-1725322476.tar","1725322476","2024-09-03 00:14:36+00:00"
"light-oauth2-data-1725326074.tar","1725326074","2024-09-03 01:14:34+00:00"
"light-oauth2-data-1725329675.tar","1725329675","2024-09-03 02:14:35+00:00"
"light-oauth2-data-1725333275.tar","1725333275","2024-09-03 03:14:35+00:00"
"light-oauth2-data-1725336874.tar","1725336874","2024-09-03 04:14:34+00:00"
"light-oauth2-data-1725340476.tar","1725340476","2024-09-03 05:14:36+00:00"
"light-oauth2-data-1725344075.tar","1725344075","2024-09-03 06:14:35+00:00"
"light-oauth2-data-1725347678.tar","1725347678","2024-09-03 07:14:38+00:00"
"light-oauth2-data-1725351276.tar","1725351276","2024-09-03 08:14:36+00:00"
"light-oauth2-data-1725354884.tar","1725354884","2024-09-03 09:14:44+00:00"
"light-oauth2-data-1725358478.tar","1725358478","2024-09-03 10:14:38+00:00"
"light-oauth2-data-1725362080.tar","1725362080","2024-09-03 11:14:40+00:00"
"light-oauth2-data-1725365678.tar","1725365678","2024-09-03 12:14:38+00:00"
"light-oauth2-data-1725369283.tar","1725369283","2024-09-03 13:14:43+00:00"
"light-oauth2-data-1725372880.tar","1725372880","2024-09-03 14:14:40+00:00"
"light-oauth2-data-1725376480.tar","1725376480","2024-09-03 15:14:40+00:00"
"light-oauth2-data-1725380079.tar","1725380079","2024-09-03 16:14:39+00:00"
"light-oauth2-data-1725383686.tar","1725383686","2024-09-03 17:14:46+00:00"
"light-oauth2-data-1725387270.tar","1725387270","2024-09-03 18:14:30+00:00"
"light-oauth2-data-1725390881.tar","1725390881","2024-09-03 19:14:41+00:00"
"light-oauth2-data-1725394479.tar","1725394479","2024-09-03 20:14:39+00:00"
"light-oauth2-data-1725398092.tar","1725398092","2024-09-03 21:14:52+00:00"
"light-oauth2-data-1725401690.tar","1725401690","2024-09-03 22:14:50+00:00"
"light-oauth2-data-1725405284.tar","1725405284","2024-09-03 23:14:44+00:00"
"light-oauth2-data-1725408881.tar","1725408881","2024-09-04 00:14:41+00:00"
"light-oauth2-data-1725412484.tar","1725412484","2024-09-04 01:14:44+00:00"
"light-oauth2-data-1725416082.tar","1725416082","2024-09-04 02:14:42+00:00"
"light-oauth2-data-1725419678.tar","1725419678","2024-09-04 03:14:38+00:00"
"light-oauth2-data-1725423277.tar","1725423277","2024-09-04 04:14:37+00:00"
"light-oauth2-data-1725426879.tar","1725426879","2024-09-04 05:14:39+00:00"
"light-oauth2-data-1725430480.tar","1725430480","2024-09-04 06:14:40+00:00"
"light-oauth2-data-1725434085.tar","1725434085","2024-09-04 07:14:45+00:00"
"light-oauth2-data-1725437682.tar","1725437682","2024-09-04 08:14:42+00:00"
"light-oauth2-data-1725441288.tar","1725441288","2024-09-04 09:14:48+00:00"
"light-oauth2-data-1725444881.tar","1725444881","2024-09-04 10:14:41+00:00"
"light-oauth2-data-1725448479.tar","1725448479","2024-09-04 11:14:39+00:00"
"light-oauth2-data-1725452074.tar","1725452074","2024-09-04 12:14:34+00:00"
"light-oauth2-data-1725455676.tar","1725455676","2024-09-04 13:14:36+00:00"
"light-oauth2-data-1725459276.tar","1725459276","2024-09-04 14:14:36+00:00"
"light-oauth2-data-1725462872.tar","1725462872","2024-09-04 15:14:32+00:00"
"light-oauth2-data-1725466474.tar","1725466474","2024-09-04 16:14:34+00:00"
"light-oauth2-data-1725470077.tar","1725470077","2024-09-04 17:14:37+00:00"
"light-oauth2-data-1725473685.tar","1725473685","2024-09-04 18:14:45+00:00"
"light-oauth2-data-1725477283.tar","1725477283","2024-09-04 19:14:43+00:00"
"light-oauth2-data-1725480876.tar","1725480876","2024-09-04 20:14:36+00:00"
"light-oauth2-data-1725484466.tar","1725484466","2024-09-04 21:14:26+00:00"
"light-oauth2-data-1725488083.tar","1725488083","2024-09-04 22:14:43+00:00"
"light-oauth2-data-1725491680.tar","1725491680","2024-09-04 23:14:40+00:00"
"light-oauth2-data-1725495277.tar","1725495277","2024-09-05 00:14:37+00:00"
"light-oauth2-data-1725498879.tar","1725498879","2024-09-05 01:14:39+00:00"
"light-oauth2-data-1725502473.tar","1725502473","2024-09-05 02:14:33+00:00"
"light-oauth2-data-1725506071.tar","1725506071","2024-09-05 03:14:31+00:00"
"light-oauth2-data-1725509673.tar","1725509673","2024-09-05 04:14:33+00:00"
"light-oauth2-data-1725513273.tar","1725513273","2024-09-05 05:14:33+00:00"
"light-oauth2-data-1725516877.tar","1725516877","2024-09-05 06:14:37+00:00"
"light-oauth2-data-1725520501.tar","1725520501","2024-09-05 07:15:01+00:00"
"light-oauth2-data-1725524098.tar","1725524098","2024-09-05 08:14:58+00:00"
"light-oauth2-data-1725527691.tar","1725527691","2024-09-05 09:14:51+00:00"
"light-oauth2-data-1725531281.tar","1725531281","2024-09-05 10:14:41+00:00"
"light-oauth2-data-1725534889.tar","1725534889","2024-09-05 11:14:49+00:00"
"light-oauth2-data-1725538484.tar","1725538484","2024-09-05 12:14:44+00:00"
"light-oauth2-data-1725542079.tar","1725542079","2024-09-05 13:14:39+00:00"
"light-oauth2-data-1725545683.tar","1725545683","2024-09-05 14:14:43+00:00"
"light-oauth2-data-1725549282.tar","1725549282","2024-09-05 15:14:42+00:00"
"light-oauth2-data-1725552875.tar","1725552875","2024-09-05 16:14:35+00:00"
"light-oauth2-data-1725556486.tar","1725556486","2024-09-05 17:14:46+00:00"
"light-oauth2-data-1725560084.tar","1725560084","2024-09-05 18:14:44+00:00"
"light-oauth2-data-1725563691.tar","1725563691","2024-09-05 19:14:51+00:00"
"light-oauth2-data-1725567287.tar","1725567287","2024-09-05 20:14:47+00:00"
"light-oauth2-data-1725570901.tar","1725570901","2024-09-05 21:15:01+00:00"
"light-oauth2-data-1725574497.tar","1725574497","2024-09-05 22:14:57+00:00"
"light-oauth2-data-1725578096.tar","1725578096","2024-09-05 23:14:56+00:00"
"light-oauth2-data-1725581690.tar","1725581690","2024-09-06 00:14:50+00:00"
"light-oauth2-data-1725585292.tar","1725585292","2024-09-06 01:14:52+00:00"
"light-oauth2-data-1725588896.tar","1725588896","2024-09-06 02:14:56+00:00"
"light-oauth2-data-1725592488.tar","1725592488","2024-09-06 03:14:48+00:00"
"light-oauth2-data-1725596091.tar","1725596091","2024-09-06 04:14:51+00:00"
"light-oauth2-data-1725599698.tar","1725599698","2024-09-06 05:14:58+00:00"
"light-oauth2-data-1725603305.tar","1725603305","2024-09-06 06:15:05+00:00"
"light-oauth2-data-1725606912.tar","1725606912","2024-09-06 07:15:12+00:00"
"light-oauth2-data-1725610500.tar","1725610500","2024-09-06 08:15:00+00:00"
"light-oauth2-data-1725614103.tar","1725614103","2024-09-06 09:15:03+00:00"
"light-oauth2-data-1725617700.tar","1725617700","2024-09-06 10:15:00+00:00"
"light-oauth2-data-1725621299.tar","1725621299","2024-09-06 11:14:59+00:00"
"light-oauth2-data-1725624899.tar","1725624899","2024-09-06 12:14:59+00:00"
"light-oauth2-data-1725628495.tar","1725628495","2024-09-06 13:14:55+00:00"
"light-oauth2-data-1725632089.tar","1725632089","2024-09-06 14:14:49+00:00"
"light-oauth2-data-1725635691.tar","1725635691","2024-09-06 15:14:51+00:00"
"light-oauth2-data-1725639292.tar","1725639292","2024-09-06 16:14:52+00:00"
"light-oauth2-data-1725642894.tar","1725642894","2024-09-06 17:14:54+00:00"
"light-oauth2-data-1725646495.tar","1725646495","2024-09-06 18:14:55+00:00"
"light-oauth2-data-1725650093.tar","1725650093","2024-09-06 19:14:53+00:00"
"light-oauth2-data-1725653694.tar","1725653694","2024-09-06 20:14:54+00:00"
"light-oauth2-data-1725657319.tar","1725657319","2024-09-06 21:15:19+00:00"
"light-oauth2-data-1725660938.tar","1725660938","2024-09-06 22:15:38+00:00"
"light-oauth2-data-1725664517.tar","1725664517","2024-09-06 23:15:17+00:00"
"light-oauth2-data-1725668109.tar","1725668109","2024-09-07 00:15:09+00:00"
"light-oauth2-data-1725671714.tar","1725671714","2024-09-07 01:15:14+00:00"
"light-oauth2-data-1725675301.tar","1725675301","2024-09-07 02:15:01+00:00"
"light-oauth2-data-1725678896.tar","1725678896","2024-09-07 03:14:56+00:00"
"light-oauth2-data-1725682510.tar","1725682510","2024-09-07 04:15:10+00:00"
"light-oauth2-data-1725686082.tar","1725686082","2024-09-07 05:14:42+00:00"
"light-oauth2-data-1725689692.tar","1725689692","2024-09-07 06:14:52+00:00"
"light-oauth2-data-1725693282.tar","1725693282","2024-09-07 07:14:42+00:00"
"light-oauth2-data-1725696891.tar","1725696891","2024-09-07 08:14:51+00:00"
"light-oauth2-data-1725700496.tar","1725700496","2024-09-07 09:14:56+00:00"
"light-oauth2-data-1725704096.tar","1725704096","2024-09-07 10:14:56+00:00"
"light-oauth2-data-1725707682.tar","1725707682","2024-09-07 11:14:42+00:00"
"light-oauth2-data-1725711292.tar","1725711292","2024-09-07 12:14:52+00:00"
"light-oauth2-data-1725714910.tar","1725714910","2024-09-07 13:15:10+00:00"
"light-oauth2-data-1725718493.tar","1725718493","2024-09-07 14:14:53+00:00"
"light-oauth2-data-1725722091.tar","1725722091","2024-09-07 15:14:51+00:00"
"light-oauth2-data-1725725699.tar","1725725699","2024-09-07 16:14:59+00:00"
"light-oauth2-data-1725729296.tar","1725729296","2024-09-07 17:14:56+00:00"
"light-oauth2-data-1725732897.tar","1725732897","2024-09-07 18:14:57+00:00"
"light-oauth2-data-1725736492.tar","1725736492","2024-09-07 19:14:52+00:00"
"light-oauth2-data-1725740098.tar","1725740098","2024-09-07 20:14:58+00:00"
"light-oauth2-data-1725743702.tar","1725743702","2024-09-07 21:15:02+00:00"
"light-oauth2-data-1725747295.tar","1725747295","2024-09-07 22:14:55+00:00"
"light-oauth2-data-1725750888.tar","1725750888","2024-09-07 23:14:48+00:00"
"light-oauth2-data-1725754487.tar","1725754487","2024-09-08 00:14:47+00:00"
"light-oauth2-data-1725758085.tar","1725758085","2024-09-08 01:14:45+00:00"
"light-oauth2-data-1725761702.tar","1725761702","2024-09-08 02:15:02+00:00"
"light-oauth2-data-1725765281.tar","1725765281","2024-09-08 03:14:41+00:00"
"light-oauth2-data-1725768887.tar","1725768887","2024-09-08 04:14:47+00:00"
"light-oauth2-data-1725772496.tar","1725772496","2024-09-08 05:14:56+00:00"
"light-oauth2-data-1725776095.tar","1725776095","2024-09-08 06:14:55+00:00"
"light-oauth2-data-1725779696.tar","1725779696","2024-09-08 07:14:56+00:00"
"light-oauth2-data-1725783292.tar","1725783292","2024-09-08 08:14:52+00:00"
"light-oauth2-data-1725786898.tar","1725786898","2024-09-08 09:14:58+00:00"
"light-oauth2-data-1725790495.tar","1725790495","2024-09-08 10:14:55+00:00"
"light-oauth2-data-1725794091.tar","1725794091","2024-09-08 11:14:51+00:00"
"light-oauth2-data-1725797698.tar","1725797698","2024-09-08 12:14:58+00:00"
"light-oauth2-data-1725801294.tar","1725801294","2024-09-08 13:14:54+00:00"
"light-oauth2-data-1725804888.tar","1725804888","2024-09-08 14:14:48+00:00"
"light-oauth2-data-1725808486.tar","1725808486","2024-09-08 15:14:46+00:00"
"light-oauth2-data-1725812092.tar","1725812092","2024-09-08 16:14:52+00:00"
"light-oauth2-data-1725815704.tar","1725815704","2024-09-08 17:15:04+00:00"
"light-oauth2-data-1725819289.tar","1725819289","2024-09-08 18:14:49+00:00"
"light-oauth2-data-1725822893.tar","1725822893","2024-09-08 19:14:53+00:00"
"light-oauth2-data-1725826493.tar","1725826493","2024-09-08 20:14:53+00:00"
"light-oauth2-data-1725830108.tar","1725830108","2024-09-08 21:15:08+00:00"
"light-oauth2-data-1725833703.tar","1725833703","2024-09-08 22:15:03+00:00"
"light-oauth2-data-1725837302.tar","1725837302","2024-09-08 23:15:02+00:00"
"light-oauth2-data-1725840904.tar","1725840904","2024-09-09 00:15:04+00:00"
"light-oauth2-data-1725844489.tar","1725844489","2024-09-09 01:14:49+00:00"
"light-oauth2-data-1725848096.tar","1725848096","2024-09-09 02:14:56+00:00"
"light-oauth2-data-1725851689.tar","1725851689","2024-09-09 03:14:49+00:00"
"light-oauth2-data-1725855291.tar","1725855291","2024-09-09 04:14:51+00:00"
"light-oauth2-data-1725858922.tar","1725858922","2024-09-09 05:15:22+00:00"
"light-oauth2-data-1725862507.tar","1725862507","2024-09-09 06:15:07+00:00"
"light-oauth2-data-1725866154.tar","1725866154","2024-09-09 07:15:54+00:00"
"light-oauth2-data-1725869703.tar","1725869703","2024-09-09 08:15:03+00:00"
